datetime,x,y,seq,village
20200116 00:08,120.4727,23.5551,1,民雄鄉三興村
20200116 02:45,120.4743,23.5578,51,民雄鄉三興村
20200116 08:07,120.4807,23.5586,91,民雄鄉三興村
20200116 08:08,120.4737,23.5630,97,民雄鄉三興村
20200116 08:11,120.4751,23.5659,105,民雄鄉三興村
20200116 08:11,120.4803,23.5594,109,民雄鄉三興村
20200116 08:14,120.4756,23.5571,123,民雄鄉三興村
20200116 08:25,120.4755,23.5638,127,民雄鄉三興村
20200116 09:46,120.4790,23.5601,172,民雄鄉三興村
20200116 09:52,120.4743,23.5691,183,民雄鄉三興村
20200116 10:06,120.4786,23.5633,195,民雄鄉三興村
20200116 10:14,120.4790,23.5601,196,民雄鄉三興村
20200116 10:37,120.4743,23.5691,210,民雄鄉三興村
20200116 10:38,120.4767,23.5639,212,民雄鄉三興村
20200116 10:38,120.4770,23.5698,214,民雄鄉三興村
20200116 10:38,120.4800,23.5604,219,民雄鄉三興村
20200116 10:54,120.4767,23.5639,222,民雄鄉三興村
20200116 10:57,120.4744,23.5669,224,民雄鄉三興村
20200116 10:57,120.4803,23.5594,226,民雄鄉三興村
20200116 10:59,120.4760,23.5590,233,民雄鄉三興村
20200116 11:18,120.4768,23.5632,238,民雄鄉三興村
20200116 11:24,120.4790,23.5601,239,民雄鄉三興村
20200116 11:26,120.4743,23.5691,245,民雄鄉三興村
20200116 11:43,120.4762,23.5639,249,民雄鄉三興村
20200116 11:57,120.4790,23.5601,258,民雄鄉三興村
20200116 19:23,120.4725,23.5578,434,民雄鄉三興村
20200116 19:34,120.4714,23.5556,445,民雄鄉三興村
20200116 20:05,120.4751,23.5572,486,民雄鄉三興村
20200117 08:41,120.4775,23.5583,690,民雄鄉三興村
20200117 08:43,120.4794,23.5610,694,民雄鄉三興村
20200117 08:43,120.4740,23.5686,695,民雄鄉三興村
20200117 08:50,120.4755,23.5641,699,民雄鄉三興村
20200117 12:14,120.4797,23.5599,775,民雄鄉三興村
20200117 12:15,120.4743,23.5592,778,民雄鄉豊收村
20200117 12:17,120.4684,23.5596,780,民雄鄉三興村
20200117 12:18,120.4743,23.5691,781,民雄鄉三興村
20200117 12:24,120.4790,23.5601,783,民雄鄉三興村
20200117 12:31,120.4765,23.5604,805,民雄鄉三興村
20200117 12:34,120.4671,23.5623,806,民雄鄉豊收村
20200117 12:35,120.4365,23.5534,811,民雄鄉東湖村
20200117 12:39,120.4396,23.5575,815,民雄鄉豊收村
20200117 12:40,120.4338,23.5511,817,民雄鄉東榮村
20200117 12:42,120.4324,23.5492,822,民雄鄉東榮村
20200117 12:43,120.4260,23.5501,828,民雄鄉中樂村
20200117 12:44,120.4190,23.5516,834,民雄鄉中和村
20200117 12:45,120.4148,23.5526,839,民雄鄉中和村
20200117 12:46,120.4127,23.5456,845,民雄鄉中和村
20200117 12:47,120.4055,23.5340,847,民雄鄉中央村
20200117 12:48,120.4027,23.5107,849,民雄鄉山中村
20200117 12:50,120.3926,23.4969,852,西區竹村里
20200117 12:50,120.3966,23.5004,853,太保市北新里
20200117 12:50,120.3913,23.4933,855,西區竹村里
20200117 12:50,120.3943,23.4980,857,西區竹村里
20200117 12:51,120.3820,23.4815,859,太保市埤鄉里
20200117 12:51,120.3886,23.4839,860,太保市埤鄉里
20200117 12:52,120.3808,23.4787,864,太保市埤鄉里
20200117 12:53,120.3762,23.4643,867,太保市港尾里
20200117 12:54,120.3711,23.4508,875,水上鄉大堀村
20200117 12:54,120.3650,23.4451,878,水上鄉大崙村
20200117 12:55,120.3616,23.4503,879,水上鄉大崙村
20200117 12:56,120.3578,23.4479,887,水上鄉大崙村
20200117 12:57,120.3484,23.4511,890,太保市前潭里
20200117 12:58,120.3449,23.4520,892,太保市後潭里
20200117 12:58,120.3393,23.4528,895,太保市後潭里
20200117 12:59,120.3287,23.4544,898,太保市太保里
20200117 12:59,120.3354,23.4534,899,太保市太保里
20200117 13:02,120.3270,23.4592,916,太保市太保里
20200117 13:04,120.3244,23.4576,922,太保市太保里
20200117 13:10,120.3231,23.4556,925,太保市太保里
20200117 13:10,120.3231,23.4635,929,太保市後庄里
20200117 13:11,120.3268,23.4574,930,太保市太保里
20200117 13:15,120.3239,23.4575,932,太保市太保里
20200117 13:49,120.3253,23.4711,985,太保市後庄里
20200117 14:00,120.3147,23.4746,1006,太保市東勢里
20200117 14:00,120.3269,23.4587,1007,太保市太保里
20200117 14:00,120.3251,23.4909,1008,太保市田尾里
20200117 14:00,120.3233,23.4558,1009,太保市太保里
20200117 14:02,120.3319,23.4970,1011,太保市田尾里
20200117 14:02,120.3261,23.5029,1012,太保市田尾里
20200117 14:03,120.3319,23.5180,1013,新港鄉溪北村
20200117 14:03,120.3274,23.5379,1014,新港鄉潭大村
20200117 14:04,120.3302,23.5566,1015,新港鄉共和村
20200117 14:04,120.3288,23.5494,1016,新港鄉潭大村
20200117 14:04,120.3295,23.5697,1018,新港鄉板頭村
20200117 14:04,120.3294,23.5538,1019,新港鄉共和村
20200117 14:05,120.3309,23.6038,1021,元長鄉下寮村
20200117 14:05,120.3299,23.5893,1022,北港鎮府番里
20200117 14:05,120.3331,23.5970,1023,北港鎮府番里
20200117 14:05,120.3329,23.6101,1024,元長鄉下寮村
20200117 14:05,120.3339,23.6149,1025,元長鄉下寮村
20200117 14:05,120.3331,23.5970,1026,北港鎮府番里
20200117 14:05,120.3328,23.6095,1027,元長鄉下寮村
20200117 14:06,120.3458,23.6295,1028,元長鄉客厝村
20200117 14:06,120.3513,23.6316,1029,元長鄉瓦瑤村
20200117 14:06,120.3520,23.6372,1030,元長鄉瓦瑤村
20200117 14:06,120.3453,23.6413,1033,元長鄉卓運村
20200117 14:07,120.3698,23.6628,1034,土庫鎮興新里
20200117 14:07,120.3742,23.6657,1037,土庫鎮興新里
20200117 14:07,120.3682,23.6597,1040,土庫鎮奮起里
20200117 14:08,120.3943,23.6983,1041,虎尾鎮東屯里
20200117 14:08,120.3861,23.6858,1042,土庫鎮石廟里
20200117 14:08,120.3903,23.6902,1043,土庫鎮石廟里
20200117 14:08,120.3990,23.7011,1044,虎尾鎮東屯里
20200117 14:08,120.3706,23.6630,1045,土庫鎮興新里
20200117 14:08,120.3959,23.7015,1046,虎尾鎮東屯里
20200117 14:08,120.3882,23.6860,1048,土庫鎮石廟里
20200117 14:08,120.4017,23.7010,1050,虎尾鎮東屯里
20200117 14:08,120.3704,23.6629,1053,土庫鎮興新里
20200117 14:08,120.3976,23.7013,1054,虎尾鎮東屯里
20200117 14:08,120.3901,23.6953,1055,土庫鎮石廟里
20200117 14:08,120.3943,23.6983,1056,虎尾鎮東屯里
20200117 14:08,120.3993,23.7018,1057,虎尾鎮東屯里
20200117 14:08,120.3840,23.6838,1059,土庫鎮石廟里
20200117 14:09,120.4030,23.7083,1060,虎尾鎮北溪里
20200117 14:09,120.4076,23.7199,1062,虎尾鎮北溪里
20200117 14:09,120.4004,23.7068,1065,虎尾鎮東屯里
20200117 14:09,120.4077,23.7248,1067,虎尾鎮北溪里
20200117 14:09,120.4080,23.7184,1068,虎尾鎮北溪里
20200117 14:09,120.4043,23.7094,1069,虎尾鎮建國里
20200117 14:09,120.4111,23.7204,1072,虎尾鎮北溪里
20200117 14:09,120.4004,23.7068,1075,虎尾鎮東屯里
20200117 14:09,120.4130,23.7221,1078,虎尾鎮北溪里
20200117 14:09,120.4043,23.7094,1080,虎尾鎮建國里
20200117 14:09,120.4084,23.7213,1083,虎尾鎮北溪里
20200117 14:09,120.4069,23.7127,1084,虎尾鎮建國里
20200117 14:10,120.4155,23.7295,1086,虎尾鎮廉使里
20200117 14:10,120.4146,23.7352,1087,虎尾鎮廉使里
20200117 14:14,120.4273,23.7612,1088,二崙鄉田尾村
20200117 14:14,120.4160,23.7434,1089,虎尾鎮廉使里
20200117 14:14,120.4257,23.7569,1090,二崙鄉田尾村
20200117 14:14,120.4273,23.7612,1091,二崙鄉田尾村
20200117 14:14,120.4160,23.7434,1092,虎尾鎮廉使里
20200117 14:14,120.4184,23.7482,1093,二崙鄉湳仔村
20200117 14:14,120.4257,23.7569,1095,二崙鄉田尾村
20200117 14:15,120.4316,23.7701,1096,西螺鎮下湳里
20200117 14:15,120.4273,23.7612,1097,二崙鄉田尾村
20200117 14:15,120.4298,23.7661,1098,二崙鄉崙東村
20200117 14:20,120.5750,23.8695,1100,田中鎮龍潭里
20200117 14:21,120.5731,23.8725,1102,田中鎮龍潭里
20200117 14:25,120.5872,23.8703,1103,田中鎮中潭里
20200117 14:25,120.5901,23.8837,1104,社頭鄉里仁村
20200117 14:26,120.6104,23.9011,1111,社頭鄉山湖村
20200117 14:26,120.6092,23.9067,1112,社頭鄉朝興村
20200117 14:26,120.6037,23.9033,1113,社頭鄉朝興村
20200117 14:26,120.6104,23.9011,1120,社頭鄉山湖村
20200117 14:26,120.5986,23.8907,1121,社頭鄉清水村
20200117 14:26,120.6025,23.9033,1122,社頭鄉朝興村
20200117 14:26,120.6090,23.9077,1127,社頭鄉朝興村
20200117 14:26,120.6031,23.8927,1128,社頭鄉山湖村
20200117 14:33,120.6154,24.1121,1129,烏日區三和里
20200117 14:40,120.6384,24.2235,1131,大雅區秀山里
20200117 14:40,120.6375,24.2035,1132,大雅區橫山里
20200117 14:40,120.6369,24.2190,1133,大雅區橫山里
20200117 14:40,120.6451,24.2257,1134,大雅區大雅里
20200117 14:40,120.6347,24.2090,1135,大雅區橫山里
20200117 14:40,120.6283,24.2026,1136,西屯區林厝里
20200117 14:40,120.6369,24.2190,1137,大雅區橫山里
20200117 14:40,120.6393,24.2109,1139,大雅區橫山里
20200117 14:44,120.6726,24.3317,1141,外埔區永豐里
20200117 14:44,120.6740,24.3430,1142,外埔區馬鳴里
20200117 14:44,120.6775,24.3476,1145,外埔區部子里
20200117 14:44,120.6776,24.3190,1147,外埔區六分里
20200117 14:44,120.6753,24.3439,1148,外埔區馬鳴里
20200117 14:44,120.6840,24.3314,1151,外埔區永豐里
20200117 14:44,120.6873,24.3569,1152,外埔區部子里
20200117 14:44,120.6726,24.3317,1153,外埔區永豐里
20200117 14:44,120.6753,24.3439,1154,外埔區馬鳴里
20200117 14:45,120.6839,24.3816,1161,苑裡鎮玉田里
20200117 14:45,120.6893,24.3852,1162,苑裡鎮玉田里
20200117 14:45,120.6855,24.3714,1163,大甲區幸福里
20200117 14:45,120.6862,24.3795,1167,苑裡鎮玉田里
20200117 14:45,120.6858,24.3749,1168,大甲區幸福里
20200117 14:45,120.6888,24.3854,1171,苑裡鎮玉田里
20200117 14:45,120.6862,24.3795,1172,苑裡鎮玉田里
20200117 14:45,120.6830,24.3731,1173,大甲區幸福里
20200117 14:45,120.6888,24.3854,1174,苑裡鎮玉田里
20200117 14:45,120.6895,24.3764,1175,苑裡鎮玉田里
20200117 14:45,120.6910,24.3835,1177,苑裡鎮玉田里
20200117 14:45,120.6839,24.3816,1178,苑裡鎮玉田里
20200117 14:45,120.6955,24.3987,1179,苑裡鎮南勢里
20200117 14:45,120.6863,24.3940,1180,苑裡鎮社苓里
20200117 14:45,120.6882,24.3857,1181,苑裡鎮玉田里
20200117 14:45,120.6920,24.3741,1183,苑裡鎮上館里
20200117 14:45,120.6862,24.3795,1185,苑裡鎮玉田里
20200117 14:45,120.6910,24.3835,1186,苑裡鎮玉田里
20200117 14:45,120.6920,24.3741,1188,苑裡鎮上館里
20200117 14:45,120.6854,24.3803,1189,苑裡鎮玉田里
20200117 14:45,120.6830,24.3731,1190,大甲區幸福里
20200117 14:45,120.6888,24.3854,1191,苑裡鎮玉田里
20200117 14:45,120.6830,24.3825,1192,苑裡鎮玉田里
20200117 14:46,120.6984,24.4371,1193,苑裡鎮水坡里
20200117 14:46,120.7002,24.4261,1197,苑裡鎮蕉埔里
20200117 14:46,120.6921,24.4111,1198,苑裡鎮山腳里
20200117 14:46,120.6984,24.4371,1200,苑裡鎮水坡里
20200117 14:47,120.7129,24.4751,1202,通霄鎮圳頭里
20200117 14:48,120.7125,24.4820,1203,通霄鎮圳頭里
20200117 14:49,120.7289,24.5105,1207,通霄鎮烏眉里
20200117 14:50,120.7782,24.5576,1210,西湖鄉金獅村
20200117 14:50,120.7615,24.5576,1211,西湖鄉金獅村
20200117 14:51,120.8051,24.5961,1213,後龍鎮龍坑里
20200117 14:51,120.7766,24.5583,1214,西湖鄉金獅村
20200117 14:51,120.7839,24.5756,1215,苗栗市新川里
20200117 14:52,120.8229,24.6008,1216,後龍鎮豐富里
20200117 14:52,120.8281,24.6019,1218,後龍鎮豐富里
20200117 14:52,120.8155,24.6031,1219,後龍鎮豐富里
20200117 14:52,120.8225,24.6010,1221,後龍鎮豐富里
20200117 14:53,120.8281,24.6020,1224,後龍鎮豐富里
20200117 14:57,120.8322,24.6074,1242,造橋鄉豐湖村
20200117 14:57,120.8600,24.5854,1248,頭屋鄉北坑村
20200117 14:57,120.8304,24.6039,1250,後龍鎮校椅里
20200117 14:58,120.8606,24.5947,1263,頭屋鄉北坑村
20200117 14:58,120.8504,24.6108,1264,造橋鄉豐湖村
20200117 14:58,120.8625,24.6000,1266,頭屋鄉北坑村
20200117 14:58,120.8606,24.5940,1267,頭屋鄉北坑村
20200117 14:58,120.8479,24.6237,1269,造橋鄉豐湖村
20200117 14:59,120.917,24.6696,1270,頭份市上興里
20200117 14:59,120.8720,24.6320,1271,造橋鄉平興村
20200117 14:59,120.8333,24.6257,1272,造橋鄉豐湖村
20200117 14:59,120.8806,24.6218,1273,造橋鄉大西村
20200117 14:59,120.8720,24.6320,1274,造橋鄉平興村
20200117 14:59,120.8690,24.6022,1275,頭屋鄉北坑村
20200117 14:59,120.8806,24.6218,1276,造橋鄉大西村
20200117 14:59,120.8541,24.6124,1277,造橋鄉豐湖村
20200117 14:59,120.8503,24.6250,1278,造橋鄉豐湖村
20200117 14:59,120.8333,24.6257,1279,造橋鄉豐湖村
20200117 14:59,120.8382,24.6280,1280,造橋鄉龍昇村
20200117 15:00,120.8871,24.6825,1282,頭份市田寮里
20200117 15:00,120.8692,24.6563,1283,竹南鎮公館里
20200117 15:00,120.8744,24.6820,1285,竹南鎮正南里
20200117 15:00,120.8670,24.6703,1286,竹南鎮大厝里
20200117 15:01,120.9375,24.6887,1288,頭份市興隆里
20200117 15:01,120.9329,24.6859,1289,頭份市新華里
20200117 15:01,120.9180,24.6794,1292,頭份市上興里
20200117 15:01,120.932,24.6796,1294,頭份市新華里
20200117 15:01,120.9459,24.7026,1295,頭份市興隆里
20200117 15:01,120.9199,24.6810,1296,頭份市上興里
20200117 15:01,120.9375,24.6887,1297,頭份市興隆里
20200117 15:01,120.9459,24.7026,1298,頭份市興隆里
20200117 15:01,120.9319,24.6802,1299,頭份市新華里
20200117 15:01,120.9306,24.6936,1300,頭份市上埔里
20200117 15:01,120.9459,24.7026,1301,頭份市興隆里
20200117 15:01,120.9313,24.6838,1302,頭份市新華里
20200117 15:02,120.9818,24.7259,1304,寶山鄉新城村
20200117 15:03,121.0314,24.7705,1309,竹東鎮柯湖里
20200117 15:03,121.0080,24.7408,1311,寶山鄉油田村
20200117 15:03,120.9818,24.7260,1314,寶山鄉新城村
20200117 15:04,121.0314,24.7707,1317,竹東鎮柯湖里
20200117 15:04,121.0315,24.7782,1319,竹東鎮頭重里
20200117 15:05,121.0362,24.7952,1327,竹東鎮員山里
20200117 15:05,121.0350,24.7830,1328,竹東鎮頭重里
20200117 15:05,121.0356,24.7918,1333,竹東鎮員山里
20200117 15:05,121.0347,24.7862,1336,竹東鎮員山里
20200117 15:05,121.0363,24.7960,1338,竹東鎮員山里
20200117 15:06,121.0404,24.8076,1340,竹北市隘口里
20200117 15:09,121.0420,24.8116,1349,竹北市東海里
20200117 15:10,121.0531,24.8421,1362,新埔鎮上寮里
20200117 15:10,121.0637,24.8331,1363,新埔鎮旱坑里
20200117 15:10,121.0632,24.8424,1364,新埔鎮南平里
20200117 15:11,121.0692,24.8722,1367,湖口鄉湖口村
20200117 15:12,121.0774,24.8910,1369,湖口鄉長嶺村
20200117 15:12,121.0795,24.8975,1372,湖口鄉長嶺村
20200117 15:12,121.0688,24.8790,1373,湖口鄉湖口村
20200117 15:13,121.0961,24.9147,1376,楊梅區三湖里
20200117 15:13,121.0888,24.9117,1377,楊梅區上湖里
20200117 15:13,121.0853,24.9062,1378,楊梅區上湖里
20200117 15:13,121.0961,24.9131,1379,楊梅區三湖里
20200117 15:13,121.0888,24.9117,1380,楊梅區上湖里
20200117 15:13,121.0844,24.9048,1381,楊梅區上湖里
20200117 15:13,121.0820,24.9007,1384,楊梅區上湖里
20200117 15:14,121.1274,24.9457,1385,楊梅區上田里
20200117 15:14,121.1114,24.9379,1386,楊梅區瑞原里
20200117 15:14,121.1172,24.9407,1393,楊梅區上田里
20200117 15:14,121.1320,24.9476,1394,楊梅區上田里
20200117 15:14,121.1168,24.9382,1395,楊梅區瑞原里
20200117 15:16,121.2008,24.9914,1398,中壢區芝芭里
20200117 15:16,121.1962,24.9946,1400,中壢區芝芭里
20200117 15:16,121.1804,24.9787,1402,中壢區內厝里
20200117 15:16,121.2147,25.0125,1403,中壢區青埔里
20200117 15:16,121.1931,24.9916,1404,中壢區內厝里
20200117 15:21,121.2312,25.0202,1424,大園區五權里
20200117 15:21,121.2148,25.0125,1425,中壢區青埔里
20200117 15:25,121.3554,25.0299,1429,龜山區楓樹里
20200117 15:27,121.3908,25.0106,1432,龜山區龍壽里
20200117 15:27,121.4139,25.0037,1433,樹林區光興里
20200117 15:28,121.4299,25.0043,1435,樹林區圳安里
20200117 15:28,121.4254,25.0009,1436,樹林區文林里
20200117 15:29,121.4473,25.0054,1437,板橋區浮洲里
20200117 15:30,121.4648,25.0141,1440,板橋區新民里
20200117 15:34,121.5167,25.0487,1466,中正區黎明里
20200117 15:49,121.5194,25.0482,1507,中山區民安里
20200117 16:16,121.5183,25.0530,1589,大同區光能里
20200117 16:17,121.5240,25.0473,1590,中正區梅花里
20200117 16:21,121.5328,25.0482,1601,中山區興亞里
20200117 16:21,121.5269,25.0485,1613,中山區正守里
20200117 16:25,121.5369,25.0488,1618,中山區朱園里
20200117 16:31,121.5379,25.0462,1643,中山區朱崙里
20200117 16:34,121.5451,25.0450,1645,松山區中崙里
20200117 16:37,121.5628,25.0449,1665,信義區新仁里
20200117 16:40,121.5716,25.0517,1669,松山區慈祐里
20200117 16:42,121.5910,25.0617,1674,內湖區石潭里
20200117 16:45,121.6193,25.0614,1685,南港區三重里
20200117 16:45,121.6108,25.0608,1686,南港區三重里
20200117 16:46,121.6222,25.0578,1694,南港區三重里
20200117 16:47,121.6239,25.0547,1699,汐止區橫科里
20200117 16:47,121.6231,25.0468,1700,汐止區福山里
20200117 16:47,121.6225,25.0568,1701,南港區三重里
20200117 16:50,121.6436,25.0121,1708,石碇區隆盛里
20200117 16:50,121.6301,25.0330,1709,南港區舊莊里
20200117 17:00,121.7092,24.9459,1717,坪林區坪林里
20200117 17:00,121.6966,24.9514,1718,坪林區上德里
20200117 17:00,121.7033,24.9454,1720,坪林區坪林里
20200117 17:01,121.7226,24.9465,1721,坪林區坪林里
20200117 17:01,121.7193,24.9420,1722,坪林區坪林里
20200117 17:02,121.7248,24.9350,1738,坪林區水德里
20200117 17:10,121.7874,24.8612,1739,頭城鎮二城里
20200117 17:14,121.7816,24.8096,1742,礁溪鄉二龍村
20200117 17:16,121.7785,24.7810,1748,礁溪鄉光武村
20200117 17:16,121.7801,24.7890,1749,礁溪鄉玉田村
20200117 17:16,121.7783,24.7833,1752,礁溪鄉光武村
20200117 17:17,121.7784,24.7783,1761,礁溪鄉光武村
20200117 17:17,121.7789,24.7712,1766,壯圍鄉美城村
20200117 17:22,121.7899,24.7081,1769,五結鄉大吉村
20200117 17:22,121.7881,24.7017,1770,五結鄉三興村
20200117 17:22,121.7876,24.7105,1775,五結鄉大吉村
20200117 17:22,121.7778,24.7129,1776,五結鄉三興村
20200117 17:22,121.7874,24.7048,1781,五結鄉大吉村
20200117 17:22,121.7900,24.7095,1782,五結鄉大吉村
20200117 17:22,121.7778,24.7129,1786,五結鄉三興村
20200117 17:22,121.7906,24.7022,1787,五結鄉大吉村
20200117 17:22,121.7900,24.7095,1788,五結鄉大吉村
20200117 17:22,121.7812,24.7119,1792,五結鄉三興村
20200117 17:22,121.7874,24.7048,1794,五結鄉大吉村
20200117 17:23,121.7911,24.6933,1798,五結鄉五結村
20200117 17:24,121.7935,24.6906,1821,五結鄉五結村
20200117 17:27,121.7919,24.6860,1823,五結鄉五結村
20200117 17:28,121.7929,24.6800,1826,五結鄉福興村
20200117 17:29,121.7854,24.6784,1833,羅東鎮新群里
20200117 17:30,121.7778,24.6782,1857,羅東鎮東安里
20200117 17:31,121.7776,24.6750,1870,羅東鎮東安里
20200117 17:34,121.7753,24.6778,1884,羅東鎮東安里
20200117 17:38,121.7723,24.6801,1894,羅東鎮信義里
20200117 17:38,121.7777,24.6793,1901,羅東鎮東安里
20200117 17:42,121.7748,24.6808,1920,羅東鎮大新里
20200117 18:08,121.7723,24.6801,1975,羅東鎮信義里
20200117 18:09,121.7743,24.6749,1980,羅東鎮開明里
20200117 18:10,121.7753,24.6777,1986,羅東鎮東安里
20200117 18:11,121.7777,24.6796,1992,羅東鎮東安里
20200117 18:15,121.7715,24.6788,1993,羅東鎮公正里
20200117 18:16,121.7703,24.6768,2000,羅東鎮集祥里
20200117 18:25,121.7714,24.6818,2022,羅東鎮信義里
20200117 18:26,121.7711,24.6746,2029,羅東鎮開明里
20200117 18:27,121.7684,24.6761,2030,羅東鎮集祥里
20200117 18:36,121.7716,24.6803,2062,羅東鎮信義里
20200117 18:36,121.7705,24.6748,2064,羅東鎮中山里
20200117 19:23,121.7679,24.6752,2158,羅東鎮中山里
20200117 20:13,121.7722,24.6792,2228,羅東鎮大新里
20200117 20:22,121.7754,24.6813,2231,羅東鎮信義里
20200117 20:25,121.7779,24.6813,2248,五結鄉福興村
20200118 02:50,121.7768,24.6792,2747,羅東鎮東安里
20200118 03:29,121.7750,24.6815,2763,羅東鎮信義里
20200118 08:34,121.7777,24.6827,3029,五結鄉福興村
20200118 08:34,121.7734,24.6871,3033,五結鄉四結村
20200118 08:35,121.7701,24.6874,3049,五結鄉四結村
20200118 08:36,121.7661,24.6844,3053,羅東鎮信義里
20200118 08:37,121.7635,24.6802,3070,羅東鎮樹林里
20200118 08:38,121.7575,24.6801,3076,羅東鎮樹林里
20200118 08:39,121.7453,24.6841,3086,冬山鄉柯林村
20200118 08:39,121.7512,24.6815,3101,羅東鎮北成里
20200118 08:40,121.7409,24.6839,3124,冬山鄉柯林村
20200118 08:41,121.7370,24.6806,3151,冬山鄉柯林村
20200118 08:43,121.7337,24.6767,3158,冬山鄉柯林村
20200118 09:37,121.7351,24.6693,3356,冬山鄉柯林村
20200118 09:42,121.7343,24.6744,3379,冬山鄉柯林村
20200118 09:57,121.7337,24.6767,3385,冬山鄉柯林村
20200118 10:14,121.7385,24.6696,3431,冬山鄉廣安村
20200118 10:42,121.7351,24.6693,3523,冬山鄉柯林村
20200118 10:42,121.7332,24.6760,3525,冬山鄉柯林村
20200118 10:56,121.7345,24.6782,3565,冬山鄉柯林村
20200118 11:01,121.7363,24.6804,3605,冬山鄉柯林村
20200118 11:02,121.7355,24.6894,3607,冬山鄉柯林村
20200118 11:09,121.7560,24.7043,3639,羅東鎮仁愛里
20200118 11:09,121.7639,24.7104,3640,五結鄉鎮安村
20200118 11:10,121.7712,24.7172,3641,宜蘭市凱旋里
20200118 11:11,121.7688,24.6983,3646,五結鄉上四村
20200118 11:12,121.7652,24.7106,3656,五結鄉鎮安村
20200118 11:13,121.7684,24.7108,3698,五結鄉鎮安村
20200118 11:14,121.7726,24.7107,3715,五結鄉鎮安村
20200118 11:16,121.7715,24.7168,3724,宜蘭市凱旋里
20200118 11:16,121.7694,24.7223,3728,宜蘭市凱旋里
20200118 11:17,121.7750,24.7255,3744,壯圍鄉美福村
20200118 11:17,121.7721,24.7293,3745,宜蘭市凱旋里
20200118 11:19,121.7717,24.7336,3755,宜蘭市凱旋里
20200118 11:19,121.7711,24.7406,3757,宜蘭市黎明里
20200118 11:21,121.7717,24.7473,3762,宜蘭市黎明里
20200118 11:22,121.7733,24.7501,3776,宜蘭市延平里
20200118 11:45,121.7747,24.7552,3842,宜蘭市延平里
20200118 14:45,121.7727,24.7570,4356,宜蘭市成功里
20200118 15:13,121.7748,24.7499,4458,宜蘭市黎明里
20200118 15:13,121.7740,24.7549,4459,宜蘭市延平里
20200118 15:48,121.7714,24.7505,4585,宜蘭市黎明里
20200118 15:52,121.7679,24.7513,4590,宜蘭市延平里
20200118 18:38,121.768,24.7484,5091,宜蘭市黎明里
20200118 18:40,121.7715,24.7454,5101,宜蘭市黎明里
20200118 18:41,121.7688,24.7442,5121,宜蘭市東村里
20200118 18:42,121.7716,24.7393,5139,宜蘭市黎明里
20200118 18:43,121.7722,24.7273,5163,宜蘭市凱旋里
20200118 18:44,121.7677,24.7257,5175,宜蘭市南津里
20200118 18:45,121.7696,24.7229,5180,宜蘭市凱旋里
20200118 18:48,121.7712,24.7058,5195,五結鄉二結村
20200118 18:49,121.7689,24.6985,5204,五結鄉上四村
20200118 18:52,121.7705,24.6879,5205,五結鄉四結村
20200118 18:54,121.7709,24.6821,5213,羅東鎮信義里
20200118 18:56,121.7679,24.6752,5221,羅東鎮中山里
20200118 21:15,121.7707,24.6747,5531,羅東鎮中山里
20200118 21:38,121.7717,24.6803,5587,羅東鎮信義里
20200118 22:10,121.7748,24.6808,5610,羅東鎮大新里
20200119 10:02,121.7768,24.6794,6398,羅東鎮東安里
20200119 11:15,121.7726,24.6745,6552,羅東鎮開明里
20200119 11:16,121.7754,24.6751,6563,羅東鎮東安里
20200119 11:17,121.7766,24.6726,6570,羅東鎮羅莊里
20200119 11:23,121.7788,24.6743,6596,羅東鎮東安里
20200119 11:27,121.7760,24.675,6616,羅東鎮東安里
20200119 11:33,121.7743,24.6727,6626,羅東鎮南昌里
20200119 11:54,121.7734,24.6704,6765,羅東鎮南昌里
20200119 12:39,121.7776,24.6731,6898,羅東鎮東安里
20200119 12:55,121.7743,24.6727,6963,羅東鎮南昌里
20200119 13:39,121.7778,24.6754,7083,羅東鎮東安里
20200119 13:45,121.7748,24.6751,7111,羅東鎮東安里
20200119 13:49,121.7758,24.6777,7125,羅東鎮東安里
20200119 14:13,121.7785,24.6777,7191,羅東鎮東安里
20200119 14:14,121.7847,24.6779,7205,羅東鎮新群里
20200119 14:15,121.7890,24.6792,7232,五結鄉福興村
20200119 14:16,121.7925,24.6797,7248,五結鄉福興村
20200119 14:17,121.7926,24.6825,7251,五結鄉福興村
20200119 14:18,121.7934,24.6850,7267,五結鄉五結村
20200119 14:20,121.7911,24.6991,7275,五結鄉大吉村
20200119 14:20,121.7875,24.7071,7276,五結鄉大吉村
20200119 14:21,121.7871,24.7313,7281,壯圍鄉美福村
20200119 14:21,121.7866,24.7205,7282,壯圍鄉美福村
20200119 14:21,121.7895,24.7119,7283,五結鄉大吉村
20200119 14:24,121.7801,24.7505,7288,宜蘭市延平里
20200119 14:24,121.7714,24.7619,7289,宜蘭市七張里
20200119 14:32,121.7892,24.8423,7293,頭城鎮二城里
20200119 14:34,121.7905,24.8462,7303,頭城鎮二城里
20200119 14:35,121.7874,24.8612,7307,頭城鎮二城里
20200119 14:38,121.7753,24.8732,7310,坪林區石曹里
20200119 14:44,121.7389,24.912,7314,坪林區石曹里
20200119 14:48,121.7877,24.9223,7317,雙溪區泰平里
20200119 14:54,121.6948,24.9516,7320,坪林區上德里
20200119 14:54,121.7078,24.9465,7321,坪林區坪林里
20200119 14:57,121.6834,24.9688,7324,石碇區彭山里
20200119 14:57,121.6858,24.9755,7325,石碇區豐田里
20200119 14:57,121.6739,24.9800,7332,石碇區潭邊里
20200119 14:57,121.6833,24.9690,7334,石碇區豐田里
20200119 14:57,121.6849,24.9765,7335,石碇區豐田里
20200119 14:57,121.6854,24.9719,7336,石碇區豐田里
20200119 15:01,121.6478,25.0103,7348,石碇區隆盛里
20200119 15:02,121.6436,25.0121,7370,石碇區隆盛里
20200119 15:04,121.6301,25.0330,7375,南港區舊莊里
20200119 15:07,121.6165,25.0547,7382,南港區新富里
20200119 15:09,121.6185,25.0601,7383,南港區三重里
20200119 15:10,121.6006,25.0583,7390,南港區重陽里
20200119 15:11,121.5890,25.0610,7397,內湖區石潭里
20200119 15:11,121.5961,25.0589,7401,內湖區蘆洲里
20200119 15:12,121.5864,25.0599,7417,內湖區石潭里
20200119 15:12,121.5785,25.0558,7418,內湖區行善里
20200119 15:12,121.5835,25.0584,7420,內湖區週美里
20200119 15:13,121.5729,25.0526,7435,內湖區行善里
20200119 15:14,121.5686,25.0456,7474,信義區雅祥里
20200119 15:14,121.5615,25.0451,7479,信義區新仁里
20200119 15:14,121.5687,25.0485,7481,信義區新仁里
20200119 15:14,121.5651,25.0448,7485,信義區新仁里
20200119 15:15,121.5615,25.0451,7502,信義區新仁里
20200119 15:16,121.5569,25.0449,7520,大安區華聲里
20200119 15:17,121.5491,25.0462,7534,松山區敦化里
20200119 15:17,121.5544,25.0444,7556,松山區復源里
20200119 15:18,121.5464,25.0452,7565,松山區中崙里
20200119 15:19,121.5397,25.0444,7581,大安區昌隆里
20200119 15:20,121.5338,25.0450,7587,中山區朱園里
20200119 15:22,121.5312,25.0465,7610,中山區興亞里
20200119 15:23,121.5284,25.0465,7617,中正區梅花里
20200119 15:24,121.5241,25.0474,7623,中正區梅花里
20200119 15:25,121.5216,25.0481,7624,中山區正得里
20200119 15:34,121.5191,25.0483,7669,中山區民安里
20200119 15:36,121.5166,25.0493,7677,大同區建明里
20200119 17:15,121.4648,25.0141,7918,板橋區新民里
20200119 17:21,121.4468,25.0037,7943,板橋區復興里
20200119 17:22,121.4307,25.0047,7949,樹林區圳福里
20200119 17:22,121.4361,25.0048,7950,新莊區西盛里
20200119 17:22,121.4414,25.0059,7952,板橋區歡園里
20200119 17:22,121.4333,25.0048,7953,新莊區西盛里
20200119 17:22,121.4289,25.0021,7955,樹林區圳福里
20200119 17:22,121.4415,25.0066,7963,板橋區歡園里
20200119 17:22,121.4307,25.0047,7966,樹林區圳福里
20200119 17:22,121.4361,25.0048,7969,新莊區西盛里
20200119 17:22,121.4289,25.0021,7970,樹林區圳福里
20200119 17:23,121.4139,25.0037,7971,樹林區光興里
20200119 17:23,121.4215,25.0031,7973,樹林區金寮里
20200119 17:23,121.3906,25.0106,7976,龜山區龍壽里
20200119 17:24,121.3657,25.0243,7981,龜山區舊路里
20200119 17:25,121.3554,25.0299,7991,龜山區楓樹里
20200119 17:26,121.3282,25.0446,7998,龜山區大坑里
20200119 17:27,121.3131,25.0611,8005,蘆竹區營盤里
20200119 17:27,121.2849,25.0597,8009,蘆竹區瓦窯里
20200119 17:27,121.3102,25.0613,8010,蘆竹區營盤里
20200119 17:28,121.2713,25.0573,8012,蘆竹區長興里
20200119 17:28,121.2789,25.0599,8013,蘆竹區長興里
20200119 17:28,121.2914,25.0578,8014,蘆竹區瓦窯里
20200119 17:28,121.2749,25.0580,8015,蘆竹區長興里
20200119 17:29,121.2476,25.0441,8026,蘆竹區宏竹里
20200119 17:29,121.2654,25.0551,8027,蘆竹區蘆竹里
20200119 17:29,121.2424,25.0391,8028,蘆竹區宏竹里
20200119 17:29,121.2563,25.0484,8029,蘆竹區宏竹里
20200119 17:29,121.2503,25.0465,8030,蘆竹區宏竹里
20200119 17:29,121.2654,25.0551,8032,蘆竹區蘆竹里
20200119 17:29,121.2450,25.0417,8034,蘆竹區宏竹里
20200119 17:29,121.2520,25.0478,8036,蘆竹區宏竹里
20200119 17:29,121.2654,25.0551,8039,蘆竹區蘆竹里
20200119 17:29,121.2563,25.0484,8041,蘆竹區宏竹里
20200119 17:29,121.2450,25.0417,8045,蘆竹區宏竹里
20200119 17:29,121.2503,25.0465,8046,蘆竹區宏竹里
20200119 17:29,121.2635,25.0546,8050,蘆竹區蘆竹里
20200119 17:30,121.2289,25.0272,8054,大園區五權里
20200119 17:30,121.2238,25.0214,8055,大園區橫峰里
20200119 17:30,121.2306,25.0289,8056,大園區五權里
20200119 17:30,121.2366,25.0356,8058,蘆竹區新莊里
20200119 17:30,121.2272,25.0250,8059,大園區五權里
20200119 17:30,121.2342,25.0320,8061,大園區埔心里
20200119 17:30,121.2375,25.0359,8063,蘆竹區新莊里
20200119 17:30,121.2242,25.0220,8064,大園區五權里
20200119 17:30,121.2306,25.0289,8065,大園區五權里
20200119 17:31,121.2147,25.0125,8067,中壢區青埔里
20200119 17:31,121.2211,25.0195,8069,大園區橫峰里
20200119 17:37,121.1770,24.9749,8100,中壢區內厝里
20200119 17:37,121.1719,24.9698,8102,中壢區過嶺里
20200119 17:37,121.1796,24.9773,8104,中壢區內厝里
20200119 17:38,121.1467,24.9546,8110,新屋區頭洲里
20200119 17:38,121.1646,24.9632,8112,中壢區過嶺里
20200119 17:38,121.1605,24.9605,8113,新屋區頭洲里
20200119 17:38,121.1406,24.9537,8118,新屋區頭洲里
20200119 17:38,121.1646,24.9632,8119,中壢區過嶺里
20200119 17:38,121.1457,24.9535,8120,新屋區頭洲里
20200119 17:38,121.1540,24.9575,8121,新屋區頭洲里
20200119 17:38,121.1605,24.9605,8122,新屋區頭洲里
20200119 17:38,121.1479,24.9567,8126,新屋區頭洲里
20200119 17:38,121.1442,24.9531,8128,新屋區頭洲里
20200119 17:38,121.1646,24.9632,8129,中壢區過嶺里
20200119 17:38,121.1532,24.9570,8132,新屋區頭洲里
20200119 17:38,121.1479,24.9567,8133,新屋區頭洲里
20200119 17:41,121.0747,24.8897,8135,湖口鄉長嶺村
20200119 17:41,121.0796,24.8935,8140,湖口鄉長嶺村
20200119 17:43,121.0425,24.8175,8148,竹北市東海里
20200119 17:43,121.0731,24.8471,8149,新埔鎮南平里
20200119 17:49,121.0314,24.7706,8152,竹東鎮柯湖里
20200119 17:49,121.0356,24.7832,8158,竹東鎮頭重里
20200119 17:49,121.0314,24.7782,8166,竹東鎮頭重里
20200119 17:49,121.0314,24.7706,8168,竹東鎮柯湖里
20200119 17:52,120.9459,24.7026,8170,頭份市興隆里
20200119 17:53,120.9170,24.6754,8172,頭份市上興里
20200119 17:53,120.9190,24.6704,8173,頭份市上興里
20200119 17:53,120.9199,24.6777,8174,頭份市上興里
20200119 17:57,120.8287,24.6069,8178,後龍鎮校椅里
20200119 17:57,120.8219,24.6058,8179,後龍鎮豐富里
20200119 17:59,120.8181,24.6028,8180,後龍鎮豐富里
20200119 18:00,120.8229,24.5990,8184,後龍鎮豐富里
20200119 18:00,120.8150,24.6000,8188,後龍鎮豐富里
20200119 18:00,120.8243,24.5873,8191,苗栗市福安里
20200119 18:08,120.6784,24.3315,8192,外埔區永豐里
20200119 18:08,120.6748,24.3151,8197,后里區眉山里
20200119 18:08,120.6771,24.3022,8198,后里區聯合里
20200119 18:12,120.6240,24.1521,8199,南屯區新生里
20200119 18:12,120.6204,24.1452,8201,南屯區文山里
20200119 18:13,120.6200,24.1297,8202,南屯區鎮平里
20200119 18:13,120.6188,24.1396,8203,南屯區春社里
20200119 18:14,120.6160,24.1191,8205,烏日區學田里
20200119 18:14,120.6159,24.1140,8207,烏日區三和里
20200119 18:15,120.6154,24.1114,8221,烏日區湖日里
20200119 18:16,120.6152,24.1080,8224,烏日區湖日里
20200119 18:18,120.6135,24.0887,8227,彰化市田中里
20200119 18:19,120.6142,24.0841,8229,彰化市田中里
20200119 18:19,120.6116,24.0713,8230,彰化市竹巷里
20200119 18:22,120.6127,23.9689,8236,員林市南東里
20200119 18:23,120.6147,23.9436,8237,員林市出水里
20200119 18:23,120.6155,23.9367,8251,員林市林厝里
20200119 18:23,120.6155,23.9414,8252,員林市出水里
20200119 18:23,120.6183,23.9335,8254,員林市林厝里
20200119 18:23,120.6127,23.9687,8256,員林市南東里
20200119 18:23,120.6150,23.9362,8257,員林市林厝里
20200119 18:24,120.6176,23.9192,8258,社頭鄉泰安村
20200119 18:24,120.6080,23.9114,8259,社頭鄉仁和村
20200119 18:24,120.6174,23.9113,8261,社頭鄉仁和村
20200119 18:24,120.6033,23.9033,8265,社頭鄉朝興村
20200119 18:24,120.6080,23.9114,8266,社頭鄉仁和村
20200119 18:24,120.6101,23.9056,8267,社頭鄉朝興村
20200119 18:24,120.6176,23.9192,8268,社頭鄉泰安村
20200119 18:24,120.6057,23.9033,8269,社頭鄉朝興村
20200119 18:25,120.5979,23.8918,8270,社頭鄉清水村
20200119 18:25,120.6035,23.8925,8271,社頭鄉山湖村
20200119 18:25,120.5864,23.8850,8275,社頭鄉里仁村
20200119 18:25,120.5969,23.8924,8276,社頭鄉清水村
20200119 18:25,120.5927,23.8826,8277,社頭鄉里仁村
20200119 18:25,120.5966,23.8884,8278,社頭鄉埤斗村
20200119 18:25,120.5903,23.8837,8279,社頭鄉里仁村
20200119 18:25,120.6030,23.8927,8281,社頭鄉山湖村
20200119 18:25,120.5966,23.8884,8282,社頭鄉埤斗村
20200119 18:27,120.5728,23.8729,8284,田中鎮龍潭里
20200119 18:28,120.5748,23.8712,8292,田中鎮龍潭里
20200119 18:31,120.5662,23.8726,8306,田中鎮三光里
20200119 18:31,120.5728,23.8730,8307,田中鎮龍潭里
20200119 18:31,120.5629,23.8683,8313,田中鎮三民里
20200119 18:31,120.5662,23.8729,8314,田中鎮三光里
20200119 18:31,120.5727,23.8731,8315,田中鎮龍潭里
20200119 18:32,120.5585,23.8691,8324,田中鎮三民里
20200119 18:32,120.5448,23.8633,8325,北斗鎮大新里
20200119 18:32,120.5412,23.8582,8326,北斗鎮新生里
20200119 18:32,120.5483,23.8604,8327,北斗鎮大新里
20200119 18:32,120.5383,23.8562,8328,北斗鎮新生里
20200119 18:33,120.5323,23.8492,8330,溪州鄉西畔村
20200119 18:33,120.5209,23.8494,8333,溪州鄉舊眉村
20200119 18:33,120.5047,23.8480,8334,溪州鄉東州村
20200119 18:33,120.5108,23.8458,8335,溪州鄉東州村
20200119 18:34,120.4622,23.8258,8336,溪州鄉水尾村
20200119 18:34,120.4810,23.8394,8337,溪州鄉溪厝村
20200119 18:34,120.4761,23.8413,8338,溪州鄉溪厝村
20200119 18:34,120.4613,23.8287,8339,溪州鄉水尾村
20200119 18:34,120.4866,23.8452,8343,溪州鄉溪厝村
20200119 18:34,120.4757,23.8409,8344,溪州鄉溪厝村
20200119 18:34,120.4810,23.8393,8346,溪州鄉溪厝村
20200119 18:34,120.4779,23.8436,8348,溪州鄉溪厝村
20200119 18:34,120.4709,23.8353,8349,溪州鄉溪厝村
20200119 18:35,120.4325,23.7970,8351,西螺鎮安定里
20200119 18:35,120.4411,23.8060,8352,西螺鎮河南里
20200119 18:35,120.4390,23.8128,8353,西螺鎮安定里
20200119 18:36,120.4283,23.7839,8355,西螺鎮福田里
20200119 18:36,120.4333,23.7927,8356,西螺鎮安定里
20200119 18:36,120.4303,23.7879,8357,西螺鎮福田里
20200119 18:36,120.4258,23.7605,8359,二崙鄉田尾村
20200119 18:36,120.4274,23.7667,8360,二崙鄉崙東村
20200119 18:36,120.4289,23.7844,8361,西螺鎮福田里
20200119 18:36,120.4258,23.7605,8362,二崙鄉田尾村
20200119 18:37,120.4215,23.7511,8363,二崙鄉田尾村
20200119 18:37,120.4219,23.7584,8364,二崙鄉田尾村
20200119 18:37,120.4128,23.7406,8368,虎尾鎮廉使里
20200119 18:37,120.4244,23.7598,8369,二崙鄉田尾村
20200119 18:37,120.4176,23.7489,8372,西螺鎮吳厝里
20200119 18:37,120.4131,23.7414,8373,虎尾鎮廉使里
20200119 18:37,120.4215,23.7511,8374,二崙鄉田尾村
20200119 18:37,120.4227,23.7597,8375,二崙鄉田尾村
20200119 18:38,120.4165,23.7365,8379,虎尾鎮廉使里
20200119 18:40,120.4139,23.7368,8387,虎尾鎮廉使里
20200119 18:42,120.4128,23.7301,8393,虎尾鎮墾地里
20200119 18:42,120.4067,23.7251,8394,虎尾鎮墾地里
20200119 18:42,120.4164,23.7337,8395,虎尾鎮廉使里
20200119 18:42,120.4163,23.7292,8396,虎尾鎮廉使里
20200119 18:42,120.4075,23.7248,8397,虎尾鎮北溪里
20200119 18:42,120.4164,23.7337,8399,虎尾鎮廉使里
20200119 18:42,120.4129,23.7301,8400,虎尾鎮墾地里
20200119 18:43,120.4053,23.7107,8401,虎尾鎮建國里
20200119 18:43,120.3997,23.7011,8402,虎尾鎮東屯里
20200119 18:43,120.3913,23.6932,8403,土庫鎮石廟里
20200119 18:43,120.4031,23.7083,8404,虎尾鎮北溪里
20200119 18:43,120.3999,23.7011,8406,虎尾鎮東屯里
20200119 18:43,120.3955,23.7041,8408,虎尾鎮東屯里
20200119 18:43,120.4042,23.7094,8409,虎尾鎮建國里
20200119 18:43,120.3894,23.6951,8415,土庫鎮石廟里
20200119 18:43,120.4073,23.7125,8417,虎尾鎮建國里
20200119 18:43,120.4006,23.7070,8418,虎尾鎮北溪里
20200119 18:43,120.4048,23.7095,8419,虎尾鎮建國里
20200119 18:43,120.3907,23.6897,8429,土庫鎮石廟里
20200119 18:43,120.4006,23.7070,8430,虎尾鎮北溪里
20200119 18:44,120.3873,23.6945,8433,土庫鎮石廟里
20200119 18:44,120.3905,23.6901,8434,土庫鎮石廟里
20200119 18:44,120.3770,23.6706,8436,土庫鎮興新里
20200119 18:44,120.3815,23.6736,8439,土庫鎮興新里
20200119 18:44,120.3700,23.6628,8440,土庫鎮興新里
20200119 18:44,120.3903,23.6899,8441,土庫鎮石廟里
20200119 18:44,120.3829,23.6752,8442,土庫鎮興新里
20200119 18:44,120.3861,23.6858,8446,土庫鎮石廟里
20200119 18:44,120.3753,23.6740,8447,土庫鎮埤腳里
20200119 18:44,120.3829,23.6752,8448,土庫鎮興新里
20200119 18:44,120.3873,23.6945,8449,土庫鎮石廟里
20200119 18:45,120.3724,23.6634,8450,土庫鎮興新里
20200119 18:45,120.3647,23.6584,8452,土庫鎮奮起里
20200119 18:45,120.3520,23.6471,8454,土庫鎮奮起里
20200119 18:45,120.3615,23.6562,8455,土庫鎮奮起里
20200119 18:45,120.3698,23.6707,8458,土庫鎮興新里
20200119 18:45,120.3687,23.6625,8459,土庫鎮興新里
20200119 18:45,120.3526,23.6470,8461,土庫鎮奮起里
20200119 18:45,120.3633,23.6607,8462,土庫鎮奮起里
20200119 18:45,120.3700,23.6628,8464,土庫鎮興新里
20200119 18:45,120.3543,23.6471,8465,土庫鎮奮起里
20200119 18:45,120.3647,23.6584,8467,土庫鎮奮起里
20200119 18:45,120.3562,23.6531,8469,土庫鎮奮起里
20200119 18:46,120.3541,23.6431,8470,元長鄉瓦瑤村
20200119 18:46,120.3371,23.6295,8471,元長鄉客厝村
20200119 18:46,120.3440,23.6297,8472,元長鄉客厝村
20200119 18:46,120.3517,23.6368,8473,元長鄉瓦瑤村
20200119 18:46,120.3407,23.6274,8479,元長鄉客厝村
20200119 18:46,120.3410,23.6162,8481,元長鄉內寮村
20200119 18:46,120.3371,23.6295,8482,元長鄉客厝村
20200119 18:46,120.3435,23.6297,8483,元長鄉客厝村
20200119 18:46,120.3519,23.6370,8484,元長鄉瓦瑤村
20200119 18:46,120.3410,23.6162,8485,元長鄉內寮村
20200119 18:46,120.3436,23.6297,8488,元長鄉客厝村
20200119 18:47,120.3336,23.6045,8489,元長鄉下寮村
20200119 18:47,120.3331,23.6107,8490,元長鄉下寮村
20200119 18:47,120.3302,23.6029,8493,北港鎮府番里
20200119 18:47,120.3391,23.6170,8495,元長鄉內寮村
20200119 18:47,120.3334,23.5943,8496,北港鎮府番里
20200119 18:47,120.3354,23.6120,8497,元長鄉下寮村
20200119 18:47,120.3325,23.6075,8498,元長鄉下寮村
20200119 18:47,120.3322,23.5999,8499,北港鎮府番里
20200119 18:47,120.3334,23.5943,8504,北港鎮府番里
20200119 18:47,120.3336,23.6045,8505,元長鄉下寮村
20200119 18:47,120.3322,23.5999,8506,北港鎮府番里
20200119 18:47,120.3336,23.6136,8508,元長鄉下寮村
20200119 18:47,120.3302,23.6029,8509,北港鎮府番里
20200119 18:47,120.3354,23.6120,8511,元長鄉下寮村
20200119 18:47,120.3332,23.6062,8513,元長鄉下寮村
20200119 18:47,120.3391,23.6170,8515,元長鄉內寮村
20200119 18:47,120.3331,23.6107,8516,元長鄉下寮村
20200119 18:48,120.3320,23.5660,8519,新港鄉共和村
20200119 18:48,120.3264,23.5781,8520,北港鎮後溝里
20200119 18:48,120.3314,23.5597,8521,新港鄉共和村
20200119 18:48,120.3320,23.5660,8523,新港鄉共和村
20200119 18:48,120.3318,23.5711,8524,新港鄉板頭村
20200119 18:49,120.3313,23.5597,8527,新港鄉共和村
20200119 18:49,120.3299,23.5543,8529,新港鄉共和村
20200119 18:50,120.3290,23.5139,8538,新港鄉溪北村
20200119 18:50,120.3221,23.5244,8539,新港鄉潭大村
20200119 18:50,120.3271,23.5327,8540,新港鄉潭大村
20200119 18:50,120.3290,23.5139,8541,新港鄉溪北村
20200119 18:51,120.3248,23.4863,8542,太保市舊埤里
20200119 18:51,120.3208,23.4968,8544,太保市田尾里
20200119 18:52,120.3250,23.4834,8546,太保市舊埤里
20200119 18:53,120.3216,23.4557,8550,太保市崙頂里
20200119 18:53,120.3242,23.4635,8552,太保市太保里
20200119 18:56,120.3241,23.4576,8563,太保市太保里
20200119 19:01,120.3268,23.4574,8573,太保市太保里
20200119 19:04,120.3251,23.4618,8583,太保市太保里
20200119 19:07,120.3233,23.4558,8587,太保市太保里
20200119 19:09,120.3339,23.4536,8594,太保市春珠里
20200119 19:12,120.3268,23.4574,8600,太保市太保里
20200119 19:13,120.3233,23.4558,8606,太保市太保里
20200119 19:14,120.3287,23.4545,8610,太保市太保里
20200119 19:17,120.3312,23.4508,8611,太保市春珠里
20200119 19:18,120.3383,23.4529,8613,太保市春珠里
20200119 19:20,120.3438,23.4502,8614,太保市後潭里
20200119 19:22,120.3580,23.4478,8616,水上鄉大崙村
20200119 19:23,120.3628,23.4461,8619,水上鄉大崙村
20200119 19:25,120.3631,23.4546,8632,水上鄉塗溝村
20200119 19:26,120.3751,23.4591,8636,水上鄉塗溝村
20200119 19:26,120.3770,23.4661,8639,太保市港尾里
20200119 19:26,120.3678,23.4584,8641,水上鄉塗溝村
20200119 19:26,120.3748,23.4583,8643,水上鄉塗溝村
20200119 19:26,120.3730,23.4766,8647,太保市港尾里
20200119 19:26,120.3815,23.4804,8648,太保市埤鄉里
20200119 19:26,120.3747,23.4577,8649,水上鄉塗溝村
20200119 19:26,120.3761,23.4621,8651,水上鄉塗溝村
20200119 19:28,120.3865,23.4829,8657,太保市埤鄉里
20200119 19:29,120.3926,23.4934,8664,西區竹村里
20200119 19:29,120.3948,23.4982,8671,西區竹村里
20200119 19:30,120.4037,23.5144,8672,民雄鄉山中村
20200119 19:30,120.3985,23.5043,8673,太保市北新里
20200119 19:30,120.4021,23.5087,8674,太保市北新里
20200119 19:31,120.4064,23.5289,8675,民雄鄉中央村
20200119 19:31,120.4046,23.5234,8680,民雄鄉山中村
20200119 19:31,120.4074,23.5316,8683,民雄鄉中央村
20200119 19:32,120.4100,23.5383,8711,民雄鄉興中村
20200119 19:35,120.4271,23.5499,8719,民雄鄉東榮村
20200119 19:35,120.4141,23.5481,8724,民雄鄉中和村
20200119 19:35,120.4271,23.5557,8725,民雄鄉西安村
20200119 19:35,120.4246,23.5478,8726,民雄鄉東榮村
20200119 19:37,120.4249,23.5544,8730,民雄鄉西安村
20200119 19:37,120.4286,23.5511,8732,民雄鄉中樂村
20200119 19:37,120.4272,23.5557,8734,民雄鄉西安村
20200119 19:39,120.4233,23.5603,8737,民雄鄉寮頂村
20200119 19:40,120.4319,23.5570,8741,民雄鄉東榮村
20200119 19:40,120.4260,23.5571,8743,民雄鄉西安村
20200119 19:41,120.4290,23.5555,8746,民雄鄉中樂村
20200119 19:41,120.4349,23.5539,8751,民雄鄉東湖村
20200119 19:43,120.4330,23.5573,8757,民雄鄉東榮村
20200119 19:46,120.4398,23.5577,8761,民雄鄉豊收村
20200119 19:47,120.4420,23.5587,8767,民雄鄉豊收村
20200119 19:47,120.4555,23.5607,8773,民雄鄉豊收村
20200119 19:48,120.4465,23.5601,8774,民雄鄉豊收村
20200119 19:49,120.4512,23.5599,8778,民雄鄉豊收村
20200119 19:50,120.4717,23.5580,8785,民雄鄉豊收村
20200119 19:50,120.4584,23.5612,8786,民雄鄉豊收村
20200119 19:51,120.4634,23.5624,8790,民雄鄉豊收村
20200119 19:52,120.4677,23.5600,8792,民雄鄉豊收村
20200119 19:53,120.4716,23.5562,8798,民雄鄉三興村
20200119 19:54,120.4746,23.5573,8804,民雄鄉三興村
20200119 19:56,120.4716,23.5532,8825,民雄鄉三興村
20200119 20:06,120.4676,23.5600,8846,民雄鄉豊收村
20200119 20:06,120.4690,23.5654,8847,民雄鄉三興村
20200119 20:07,120.4654,23.5613,8850,民雄鄉豊收村
20200119 20:08,120.4595,23.5615,8852,民雄鄉豊收村
20200119 20:08,120.4613,23.5553,8856,民雄鄉豊收村
20200119 20:10,120.4474,23.5602,8859,民雄鄉豊收村
20200119 20:10,120.4424,23.5589,8860,民雄鄉豊收村
20200119 20:14,120.4306,23.5581,8861,民雄鄉寮頂村
20200119 20:39,120.4301,23.5553,8891,民雄鄉東榮村
20200119 21:00,120.4475,23.5602,8914,民雄鄉豊收村
20200119 21:00,120.4413,23.5584,8915,民雄鄉豊收村
20200119 21:02,120.4513,23.5605,8924,民雄鄉豊收村
20200119 21:06,120.4700,23.5588,8926,民雄鄉三興村
20200119 21:26,120.4716,23.5551,8934,民雄鄉三興村
20200120 00:02,120.4746,23.5570,9001,民雄鄉三興村
20200120 08:38,120.4795,23.5596,9154,民雄鄉三興村
20200120 08:57,120.4768,23.5641,9156,民雄鄉三興村
20200120 10:46,120.4743,23.5632,9195,民雄鄉三興村
20200120 11:38,120.4792,23.5599,9237,民雄鄉三興村
20200120 11:53,120.4720,23.5588,9239,民雄鄉豊收村
20200120 11:54,120.4686,23.5595,9242,民雄鄉三興村
20200120 11:55,120.4610,23.5538,9259,民雄鄉三興村
20200120 11:55,120.4645,23.5605,9260,民雄鄉豊收村
20200120 11:56,120.4551,23.5512,9265,民雄鄉東湖村
20200120 11:56,120.4609,23.5536,9266,民雄鄉豊收村
20200120 11:56,120.4575,23.5474,9269,民雄鄉東湖村
20200120 11:57,120.4603,23.5421,9270,民雄鄉北斗村
20200120 11:58,120.4594,23.5366,9288,民雄鄉北斗村
20200120 11:59,120.4657,23.5309,9300,民雄鄉大崎村
20200120 11:59,120.4688,23.5257,9304,民雄鄉大崎村
20200120 11:59,120.4639,23.5330,9309,民雄鄉北斗村
20200120 11:59,120.4609,23.5270,9313,民雄鄉北斗村
20200120 11:59,120.4659,23.5305,9314,民雄鄉大崎村
20200120 12:00,120.4651,23.5276,9317,民雄鄉大崎村
20200120 12:02,120.4630,23.5186,9329,民雄鄉大崎村
20200120 12:03,120.4617,23.5142,9331,民雄鄉大崎村
20200120 12:05,120.4616,23.5041,9335,民雄鄉秀林村
20200120 12:06,120.4517,23.4977,9337,東區義教里
20200120 12:09,120.4550,23.4955,9338,東區頂庄里
20200120 12:10,120.4597,23.4884,9339,東區太平里
20200120 12:11,120.4551,23.4831,9340,東區林森里
20200120 12:15,120.4519,23.4826,9348,東區北門里
20200120 12:27,120.4502,23.4802,9355,東區中央里
20200120 14:43,120.4465,23.4818,9466,西區番社里
20200120 14:44,120.4478,23.4838,9467,西區國華里
20200120 14:45,120.4501,23.4847,9469,東區北門里
20200120 14:48,120.4541,23.4864,9478,東區林森里
20200120 14:50,120.4607,23.4876,9484,東區太平里
20200120 14:52,120.4646,23.4892,9489,東區新店里
20200120 14:53,120.4642,23.4868,9497,東區王田里
20200120 14:54,120.4638,23.4842,9510,東區王田里
20200120 14:54,120.4031,23.5886,9511,溪口鄉妙崙村
20200120 14:56,120.4598,23.4881,9512,東區太平里
20200120 14:56,120.4544,23.4831,9513,東區林森里
20200120 14:56,120.4605,23.4859,9514,東區太平里
20200120 15:00,120.4556,23.4951,9518,東區頂庄里
20200120 15:01,120.4520,23.4969,9527,東區義教里
20200120 15:02,120.4604,23.5029,9528,東區頂庄里
20200120 15:02,120.4554,23.4983,9529,東區頂庄里
20200120 15:02,120.4621,23.5049,9533,民雄鄉秀林村
20200120 15:02,120.4582,23.5010,9534,東區頂庄里
20200120 15:05,120.4623,23.5110,9535,民雄鄉大崎村
20200120 15:06,120.4615,23.5134,9538,民雄鄉大崎村
20200120 15:06,120.4630,23.5186,9539,民雄鄉大崎村
20200120 15:13,120.4593,23.5436,9551,民雄鄉北斗村
20200120 15:14,120.4586,23.5459,9562,民雄鄉北斗村
20200120 15:14,120.4606,23.5517,9571,民雄鄉豊收村
20200120 15:15,120.4690,23.5577,9583,民雄鄉三興村
20200120 15:23,120.4792,23.5585,9584,民雄鄉三興村
20200120 15:25,120.4752,23.5586,9588,民雄鄉三興村
20200120 15:39,120.4721,23.5602,9589,民雄鄉豊收村
20200120 15:40,120.4693,23.5614,9591,民雄鄉豊收村
20200120 15:49,120.4640,23.5621,9604,民雄鄉豊收村
20200120 15:49,120.4581,23.5611,9607,民雄鄉豊收村
20200120 15:53,120.4419,23.5587,9611,民雄鄉豊收村
20200120 15:53,120.4343,23.5605,9612,民雄鄉頂崙村
20200120 15:59,120.4309,23.5562,9613,民雄鄉中樂村
20200120 16:00,120.4285,23.5556,9618,民雄鄉中樂村
20200120 16:34,120.4347,23.5573,9638,民雄鄉頂崙村
20200120 16:37,120.4433,23.5595,9643,民雄鄉豊收村
20200120 16:39,120.4542,23.5526,9645,民雄鄉東湖村
20200120 16:40,120.4626,23.5626,9647,民雄鄉豊收村
20200120 16:40,120.4575,23.5609,9649,民雄鄉豊收村
20200120 16:45,120.4649,23.5616,9666,民雄鄉豊收村
20200120 16:46,120.4615,23.5621,9667,民雄鄉豊收村
20200120 16:47,120.4631,23.5583,9671,民雄鄉豊收村
20200120 16:51,120.4625,23.5650,9675,民雄鄉豊收村
20200120 16:56,120.4794,23.5636,9676,民雄鄉三興村
20200120 17:14,120.4768,23.5640,9690,民雄鄉三興村
20200120 17:30,120.4790,23.5601,9694,民雄鄉三興村
20200120 17:34,120.4757,23.5661,9698,民雄鄉三興村
20200120 17:42,120.4757,23.5688,9706,民雄鄉三興村
20200120 17:48,120.4754,23.5637,9708,民雄鄉三興村
20200120 18:09,120.4794,23.5600,9724,民雄鄉三興村
20200120 19:20,120.4718,23.5585,9764,民雄鄉豊收村
20200120 19:28,120.4754,23.5593,9771,民雄鄉三興村
20200120 19:39,120.4731,23.5552,9787,民雄鄉三興村
20200120 19:40,120.4732,23.5577,9793,民雄鄉豊收村
20200121 08:08,120.4770,23.5633,10012,民雄鄉三興村
20200121 08:12,120.4798,23.5599,10020,民雄鄉三興村
20200121 09:16,120.4752,23.5671,10050,民雄鄉三興村
20200121 09:29,120.4760,23.5640,10059,民雄鄉三興村
20200121 09:30,120.4689,23.5648,10061,民雄鄉三興村
20200121 09:31,120.4802,23.5610,10062,民雄鄉三興村
20200121 09:36,120.4704,23.5675,10064,民雄鄉三興村
20200121 09:38,120.4729,23.5690,10065,民雄鄉三興村
20200121 09:39,120.4681,23.5702,10067,民雄鄉豊收村
20200121 09:40,120.4591,23.5718,10075,民雄鄉豊收村
20200121 09:41,120.4591,23.5778,10077,民雄鄉豊收村
20200121 09:42,120.4646,23.5864,10078,大林鎮上林里
20200121 09:43,120.4653,23.5887,10079,大林鎮中林里
20200121 09:44,120.4638,23.5949,10080,大林鎮中林里
20200121 09:45,120.4613,23.5968,10087,大林鎮平林里
20200121 09:45,120.4588,23.6027,10098,大林鎮平林里
20200121 09:46,120.4580,23.5969,10099,大林鎮平林里
20200121 09:47,120.4529,23.5980,10104,大林鎮吉林里
20200121 09:48,120.4588,23.6070,10116,大林鎮平林里
20200121 09:48,120.4501,23.6001,10117,大林鎮西林里
20200121 09:49,120.4475,23.6071,10118,大林鎮明和里
20200121 09:50,120.4424,23.6092,10122,大林鎮明和里
20200121 09:51,120.4425,23.6116,10123,大林鎮明和里
20200121 09:53,120.4417,23.6346,10125,大埤鄉松竹村
20200121 09:53,120.4403,23.6296,10127,大埤鄉松竹村
20200121 09:53,120.4482,23.6224,10129,大林鎮湖北里
20200121 09:53,120.4417,23.6346,10130,大埤鄉松竹村
20200121 09:53,120.4406,23.6298,10132,大埤鄉松竹村
20200121 09:53,120.4429,23.6392,10139,大埤鄉尚義村
20200121 09:54,120.4459,23.6477,10142,大埤鄉嘉興村
20200121 09:54,120.4552,23.6487,10146,大埤鄉嘉興村
20200121 09:54,120.4445,23.6437,10149,大埤鄉尚義村
20200121 09:54,120.4476,23.6487,10150,大埤鄉嘉興村
20200121 09:54,120.4565,23.6483,10155,大埤鄉嘉興村
20200121 09:54,120.4446,23.6445,10157,大埤鄉尚義村
20200121 09:54,120.4470,23.6488,10158,大埤鄉嘉興村
20200121 09:54,120.4434,23.6409,10159,大埤鄉尚義村
20200121 09:54,120.4452,23.6455,10160,大埤鄉嘉興村
20200121 09:56,120.4645,23.6779,10164,斗南鎮明昌里
20200121 09:56,120.4576,23.6694,10178,斗南鎮明昌里
20200121 09:56,120.4610,23.6752,10181,斗南鎮明昌里
20200121 09:56,120.4646,23.6786,10194,斗南鎮大東里
20200121 09:56,120.4593,23.6694,10195,斗南鎮明昌里
20200121 09:57,120.4653,23.6826,10196,斗南鎮大東里
20200121 09:57,120.4639,23.6779,10198,斗南鎮明昌里
20200121 09:57,120.4704,23.6916,10199,斗南鎮小東里
20200121 09:57,120.4645,23.6813,10200,斗南鎮大東里
20200121 09:57,120.4702,23.6877,10202,斗南鎮小東里
20200121 09:58,120.4708,23.6919,10210,斗南鎮小東里
20200121 09:58,120.4760,23.6931,10211,斗南鎮小東里
20200121 09:59,120.4797,23.6929,10216,斗南鎮新光里
20200121 10:00,120.4860,23.6852,10226,斗南鎮新光里
20200121 10:00,120.4835,23.6894,10228,斗南鎮新光里
20200121 10:01,120.4932,23.6836,10233,斗南鎮東明里
20200121 10:01,120.4884,23.6889,10238,斗南鎮新光里
20200121 10:03,120.5012,23.6883,10248,斗六市長平里
20200121 10:04,120.5123,23.6932,10249,斗六市長平里
20200121 10:06,120.5196,23.6937,10255,斗六市久安里
20200121 10:07,120.5305,23.6956,10257,斗六市鎮西里
20200121 10:08,120.5333,23.6961,10260,斗六市鎮南里
20200121 10:10,120.5333,23.6937,10273,斗六市龍潭里
20200121 11:15,120.5377,23.6969,10316,斗六市龍潭里
20200121 14:00,120.5326,23.6959,10393,斗六市龍潭里
20200121 14:03,120.5665,23.7549,10401,斗六市十三里
20200121 14:03,120.5360,23.6984,10402,斗六市鎮南里
20200121 14:05,120.5330,23.6944,10405,斗六市龍潭里
20200121 14:33,120.5292,23.6953,10430,斗六市鎮西里
20200121 14:37,120.5330,23.6994,10432,斗六市鎮南里
20200121 14:39,120.5241,23.6945,10440,斗六市鎮西里
20200121 14:39,120.5291,23.6954,10441,斗六市鎮西里
20200121 14:39,120.5216,23.6962,10443,斗六市鎮西里
20200121 14:40,120.5192,23.6956,10456,斗六市久安里
20200121 14:41,120.5023,23.6888,10460,斗六市久安里
20200121 14:41,120.5143,23.6941,10461,斗六市長平里
20200121 14:41,120.5098,23.6921,10469,斗六市長平里
20200121 14:42,120.5048,23.6899,10474,斗六市久安里
20200121 14:42,120.4995,23.6873,10477,斗南鎮東明里
20200121 14:43,120.4956,23.6850,10481,斗南鎮東明里
20200121 14:44,120.4928,23.6836,10500,斗南鎮東明里
20200121 14:45,120.4807,23.6854,10510,斗南鎮新光里
20200121 14:45,120.4892,23.6842,10512,斗南鎮新光里
20200121 14:47,120.4798,23.6951,10517,斗南鎮小東里
20200121 14:47,120.4824,23.6893,10518,斗南鎮新光里
20200121 14:49,120.4726,23.6836,10519,斗南鎮小東里
20200121 14:49,120.4760,23.6931,10520,斗南鎮小東里
20200121 14:49,120.4809,23.6892,10523,斗南鎮新光里
20200121 14:50,120.4728,23.6922,10524,斗南鎮小東里
20200121 14:51,120.4678,23.6864,10526,斗南鎮西岐里
20200121 14:51,120.4645,23.6813,10527,斗南鎮大東里
20200121 14:52,120.4644,23.6779,10535,斗南鎮明昌里
20200121 14:52,120.4648,23.6722,10536,斗南鎮明昌里
20200121 14:54,120.4482,23.6529,10538,大埤鄉嘉興村
20200121 14:54,120.4446,23.6439,10539,大埤鄉尚義村
20200121 14:54,120.4443,23.6492,10542,大埤鄉嘉興村
20200121 14:54,120.4495,23.6559,10543,大埤鄉嘉興村
20200121 14:54,120.4451,23.6459,10544,大埤鄉嘉興村
20200121 14:54,120.4471,23.6504,10547,大埤鄉嘉興村
20200121 14:54,120.4521,23.6563,10549,大埤鄉嘉興村
20200121 14:54,120.4443,23.6492,10550,大埤鄉嘉興村
20200121 14:54,120.4479,23.6524,10551,大埤鄉嘉興村
20200121 14:54,120.4445,23.6438,10558,大埤鄉尚義村
20200121 14:54,120.4510,23.6557,10560,大埤鄉嘉興村
20200121 14:54,120.4441,23.6492,10564,大埤鄉嘉興村
20200121 14:54,120.4482,23.6529,10567,大埤鄉嘉興村
20200121 14:54,120.4521,23.6563,10570,大埤鄉嘉興村
20200121 14:55,120.4308,23.6335,10572,大埤鄉大德村
20200121 14:55,120.4437,23.6419,10573,大埤鄉尚義村
20200121 14:55,120.4390,23.6363,10576,大埤鄉松竹村
20200121 14:55,120.4415,23.6405,10577,大埤鄉尚義村
20200121 14:55,120.4308,23.6340,10578,大埤鄉大德村
20200121 14:55,120.4440,23.6420,10579,大埤鄉尚義村
20200121 14:56,120.4377,23.6140,10583,大林鎮明和里
20200121 14:56,120.4387,23.6210,10584,大林鎮湖北里
20200121 14:58,120.4401,23.6117,10585,大林鎮明和里
20200121 14:59,120.4445,23.6070,10595,大林鎮明和里
20200121 15:00,120.4498,23.6054,10615,大林鎮明和里
20200121 15:01,120.4525,23.6045,10635,大林鎮西林里
20200121 15:10,120.4513,23.5997,10640,大林鎮西林里
20200121 15:11,120.4597,23.5969,10648,大林鎮平林里
20200121 15:11,120.4554,23.6039,10649,大林鎮東林里
20200121 15:11,120.4538,23.5975,10650,大林鎮平林里
20200121 15:11,120.4581,23.5951,10653,大林鎮平林里
20200121 15:11,120.4532,23.6020,10659,大林鎮西林里
20200121 15:11,120.4551,23.5973,10661,大林鎮平林里
20200121 15:12,120.4619,23.5968,10668,大林鎮平林里
20200121 15:12,120.4650,23.5929,10671,大林鎮中林里
20200121 15:13,120.4697,23.5854,10676,大林鎮上林里
20200121 15:13,120.4654,23.5900,10677,大林鎮中林里
20200121 15:14,120.4715,23.5830,10688,大林鎮上林里
20200121 15:14,120.4630,23.5840,10689,大林鎮中林里
20200121 15:15,120.4584,23.5740,10691,民雄鄉豊收村
20200121 15:16,120.4597,23.5707,10697,民雄鄉豊收村
20200121 15:16,120.4591,23.5778,10698,民雄鄉豊收村
20200121 15:22,120.4695,23.5699,10711,民雄鄉豊收村
20200121 15:22,120.4638,23.5707,10717,民雄鄉豊收村
20200121 15:23,120.4729,23.5677,10718,民雄鄉三興村
20200121 15:24,120.4700,23.5678,10720,民雄鄉三興村
20200121 15:24,120.4749,23.5692,10721,民雄鄉三興村
20200121 15:24,120.4802,23.5607,10722,民雄鄉三興村
20200121 15:25,120.4777,23.5609,10732,民雄鄉三興村
20200121 15:47,120.4783,23.5634,10735,民雄鄉三興村
20200121 16:45,120.4758,23.5637,10754,民雄鄉三興村
20200121 17:08,120.4726,23.5649,10770,民雄鄉三興村
20200121 17:15,120.4796,23.5600,10771,民雄鄉三興村
20200121 17:35,120.4752,23.5643,10773,民雄鄉三興村
20200121 18:04,120.4709,23.5584,10782,民雄鄉三興村
20200121 18:05,120.4744,23.5573,10784,民雄鄉三興村
20200121 18:18,120.4554,23.5607,10799,民雄鄉豊收村
20200121 18:19,120.4483,23.5641,10800,民雄鄉豊收村
20200121 18:22,120.4394,23.5570,10802,民雄鄉豊收村
20200121 18:22,120.4351,23.5546,10805,民雄鄉東湖村
20200121 18:30,120.4377,23.5300,10806,民雄鄉福樂村
20200121 18:31,120.4396,23.5226,10808,民雄鄉興南村
20200121 18:34,120.4416,23.5161,10813,東區荖藤里
20200121 18:45,120.4500,23.4801,10815,東區中央里
20200121 18:57,120.4475,23.4797,10824,西區文化里
20200121 21:25,120.4482,23.4820,10961,西區國華里
20200121 21:58,120.4525,23.4945,11002,東區仁義里
20200121 22:01,120.4517,23.4977,11009,東區義教里
20200121 22:09,120.4401,23.5212,11017,民雄鄉福樂村
20200121 22:09,120.4645,23.5325,11018,民雄鄉大崎村
20200121 22:12,120.4596,23.5483,11025,民雄鄉東湖村
20200121 22:17,120.4752,23.5571,11030,民雄鄉三興村
20200121 22:25,120.4725,23.5559,11050,民雄鄉三興村
20200122 08:22,120.4788,23.5598,11201,民雄鄉三興村
20200122 08:22,120.4763,23.5646,11203,民雄鄉三興村
20200122 16:52,120.4788,23.5627,11319,民雄鄉三興村
20200122 18:53,120.4738,23.5634,11339,民雄鄉三興村
20200122 19:09,120.4804,23.5595,11347,民雄鄉三興村
20200122 19:11,120.4755,23.5600,11353,民雄鄉三興村
20200122 19:12,120.4723,23.5595,11357,民雄鄉豊收村
20200122 19:12,120.4669,23.5605,11358,民雄鄉豊收村
20200122 19:14,120.4647,23.5617,11361,民雄鄉豊收村
20200122 19:14,120.4695,23.5590,11362,民雄鄉豊收村
20200122 19:16,120.4508,23.5702,11372,民雄鄉豊收村
20200122 19:16,120.4584,23.5742,11373,民雄鄉豊收村
20200122 19:17,120.4412,23.5584,11374,民雄鄉豊收村
20200122 19:20,120.4365,23.5552,11376,民雄鄉東榮村
20200122 19:21,120.4339,23.5572,11379,民雄鄉東榮村
20200122 19:23,120.4329,23.5492,11380,民雄鄉東榮村
20200122 19:25,120.4291,23.5518,11382,民雄鄉東榮村
20200122 19:26,120.4263,23.5554,11386,民雄鄉西安村
20200122 19:30,120.4242,23.5540,11399,民雄鄉西安村
20200122 19:32,120.4209,23.5578,11408,民雄鄉西安村
20200122 19:49,120.4273,23.5565,11442,民雄鄉西安村
20200122 19:52,120.4251,23.5546,11445,民雄鄉西安村
20200122 19:53,120.4223,23.5576,11448,民雄鄉西安村
20200122 19:57,120.4273,23.5565,11473,民雄鄉西安村
20200122 20:04,120.4258,23.5545,11479,民雄鄉西安村
20200122 20:57,120.4221,23.5576,11561,民雄鄉西安村
20200122 21:02,120.4319,23.5570,11574,民雄鄉東榮村
20200122 21:11,120.4452,23.5600,11575,民雄鄉豊收村
20200122 21:13,120.4582,23.5611,11577,民雄鄉豊收村
20200122 21:13,120.4530,23.5552,11590,民雄鄉豊收村
20200122 21:14,120.4615,23.5621,11592,民雄鄉豊收村
20200122 21:29,120.4721,23.5544,11605,民雄鄉三興村
20200122 22:37,120.4744,23.5564,11635,民雄鄉三興村
20200123 09:37,120.4721,23.5580,11876,民雄鄉豊收村
20200123 09:39,120.4696,23.5590,11882,民雄鄉豊收村
20200123 09:40,120.4655,23.5613,11886,民雄鄉豊收村
20200123 09:40,120.4619,23.5663,11894,民雄鄉豊收村
20200123 09:41,120.4598,23.5704,11909,民雄鄉豊收村
20200123 09:42,120.4620,23.5829,11916,大林鎮中林里
20200123 09:43,120.4649,23.5870,11920,大林鎮上林里
20200123 09:44,120.4615,23.5968,11922,大林鎮平林里
20200123 09:45,120.4578,23.5947,11926,大林鎮平林里
20200123 09:46,120.4558,23.5972,11929,大林鎮平林里
20200123 09:47,120.4508,23.6002,11933,大林鎮西林里
20200123 09:48,120.4467,23.6047,11938,大林鎮明華里
20200123 09:49,120.4415,23.6102,11942,大林鎮明和里
20200123 09:50,120.4485,23.6205,11943,大林鎮湖北里
20200123 09:50,120.4382,23.6183,11944,大林鎮明和里
20200123 09:51,120.4395,23.6251,11945,大林鎮湖北里
20200123 09:51,120.4413,23.6317,11946,大埤鄉松竹村
20200123 09:52,120.4444,23.6435,11954,大埤鄉尚義村
20200123 09:54,120.4592,23.6695,11958,斗南鎮明昌里
20200123 09:54,120.4632,23.6625,11959,大埤鄉豐田村
20200123 09:54,120.4536,23.6526,11960,大埤鄉嘉興村
20200123 09:54,120.4592,23.6695,11962,斗南鎮明昌里
20200123 09:59,120.4707,23.7708,11963,西螺鎮廣興里
20200123 09:59,120.4673,23.7512,11964,西螺鎮鹿場里
20200123 10:11,120.5031,23.9384,11966,溪湖鎮媽厝里
20200123 10:11,120.5095,23.9415,11977,溪湖鎮湳底里
20200123 10:11,120.4943,23.9343,11978,溪湖鎮媽厝里
20200123 10:11,120.5030,23.9383,11979,溪湖鎮媽厝里
20200123 10:12,120.5066,23.9509,11981,溪湖鎮頂庄里
20200123 10:15,120.5196,23.9496,11986,埔心鄉舊館村
20200123 10:15,120.5249,23.9495,11987,埔心鄉舊館村
20200123 10:15,120.514,23.9514,11991,埔心鄉芎蕉村
20200123 10:15,120.5204,23.9496,11993,埔心鄉舊館村
20200123 10:19,120.5505,23.9519,11997,埔心鄉經口村
20200123 10:19,120.5440,23.9513,11998,埔心鄉東門村
20200123 10:22,120.5634,23.9624,11999,員林市南平里
20200123 10:27,120.5707,23.9623,12001,員林市和平里
20200123 10:27,120.5688,23.9563,12002,員林市新生里
20200123 10:27,120.5666,23.9604,12004,員林市新生里
20200123 10:33,120.5630,23.9572,12013,員林市新生里
20200123 10:36,120.5484,23.9511,12015,埔心鄉東門村
20200123 10:39,120.5384,23.9516,12017,埔心鄉義民村
20200123 10:40,120.5229,23.9497,12019,埔心鄉舊館村
20200123 10:41,120.5183,23.9499,12021,埔心鄉芎蕉村
20200123 10:45,120.4973,23.9538,12022,溪湖鎮東溪里
20200123 10:45,120.4856,23.9529,12026,溪湖鎮西溪里
20200123 10:45,120.4923,23.9541,12027,溪湖鎮西溪里
20200123 10:53,120.4748,23.9593,12029,溪湖鎮湖西里
20200123 10:58,120.4629,23.9561,12040,溪湖鎮田中里
20200123 15:09,120.4638,23.9590,12101,溪湖鎮北勢里
20200123 15:12,120.4762,23.9594,12112,溪湖鎮湖西里
20200123 15:13,120.4844,23.9569,12116,溪湖鎮西溪里
20200123 15:16,120.4830,23.9588,12117,溪湖鎮湖東里
20200123 15:22,120.5362,23.9512,12119,埔心鄉埔心村
20200123 15:22,120.5214,23.9497,12120,埔心鄉舊館村
20200123 15:23,120.5242,23.9519,12123,埔心鄉舊館村
20200123 15:24,120.5305,23.9493,12125,埔心鄉埔心村
20200123 15:28,120.5590,23.9557,12127,埔心鄉瓦中村
20200123 15:28,120.5538,23.9535,12128,埔心鄉瓦北村
20200123 15:30,120.5622,23.9570,12133,埔心鄉瓦中村
20200123 15:30,120.5685,23.9563,12140,員林市新生里
20200123 15:32,120.5653,23.9568,12147,員林市三義里
20200123 15:37,120.5710,23.9562,12153,員林市中山里
20200123 15:39,120.5681,23.9571,12160,員林市新生里
20200123 15:40,120.5744,23.9565,12162,員林市光明里
20200123 15:41,120.5771,23.9575,12164,員林市中正里
20200123 17:03,120.5753,23.9650,12223,員林市三信里
20200123 17:04,120.5729,23.9642,12230,員林市三信里
20200123 17:10,120.5712,23.9662,12237,員林市三信里
20200123 17:23,120.5740,23.9680,12246,員林市三信里
20200123 19:38,120.5756,23.9659,12362,員林市三信里
20200123 20:12,120.5711,23.9645,12376,員林市三信里
20200123 20:45,120.5781,23.9728,12405,員林市三愛里
20200123 20:46,120.5772,23.9657,12407,員林市三和里
20200123 21:24,120.5808,23.9713,12458,員林市三橋里
20200123 21:30,120.5744,23.9676,12482,員林市三信里
20200123 21:31,120.5762,23.9653,12487,員林市三信里
20200123 21:36,120.5711,23.9645,12494,員林市三信里
20200123 21:36,120.5748,23.9725,12495,員林市三多里
20200123 21:36,120.5764,23.9654,12496,員林市三信里
20200123 21:37,120.5711,23.9645,12506,員林市三信里
20200123 21:44,120.5744,23.9675,12521,員林市三信里
20200123 21:46,120.5737,23.9644,12528,員林市三信里
20200123 21:47,120.5712,23.9641,12541,員林市三信里
20200123 21:49,120.5700,23.9606,12557,員林市和平里
20200123 21:54,120.5522,23.9527,12561,埔心鄉瓦北村
20200123 21:54,120.5576,23.9536,12562,埔心鄉瓦北村
20200123 21:56,120.5390,23.9515,12565,埔心鄉義民村
20200123 21:56,120.5455,23.9513,12566,埔心鄉東門村
20200123 21:59,120.5282,23.9492,12573,埔心鄉舊館村
20200123 22:00,120.5246,23.9484,12575,埔心鄉舊館村
20200123 22:02,120.5112,23.9526,12577,溪湖鎮東溪里
20200123 22:02,120.5065,23.9548,12578,溪湖鎮東溪里
20200123 22:02,120.4920,23.9542,12579,溪湖鎮西溪里
20200123 22:02,120.5112,23.9526,12580,溪湖鎮東溪里
20200123 22:06,120.4830,23.9588,12581,溪湖鎮湖東里
20200123 22:11,120.4618,23.9570,12583,溪湖鎮河東里
20200123 22:12,120.4606,23.9539,12585,溪湖鎮河東里
20200123 22:55,120.4631,23.9590,12612,溪湖鎮北勢里
20200123 22:56,120.4618,23.9570,12613,溪湖鎮河東里
20200123 22:58,120.4617,23.9547,12619,溪湖鎮河東里
20200124 10:52,120.4648,23.9613,12868,溪湖鎮北勢里
20200124 11:02,120.4748,23.9638,12878,溪湖鎮大突里
20200124 11:04,120.4772,23.9623,12881,溪湖鎮太平里
20200124 11:15,120.4756,23.9594,12887,溪湖鎮湖西里
20200124 11:26,120.4718,23.9593,12892,溪湖鎮大突里
20200124 11:28,120.4623,23.9588,12893,溪湖鎮北勢里
20200124 11:37,120.4788,23.9593,12897,溪湖鎮光華里
20200124 11:39,120.4830,23.9586,12901,溪湖鎮湖東里
20200124 11:53,120.4618,23.9569,12914,溪湖鎮河東里
20200124 12:42,120.4612,23.9547,12922,溪湖鎮河東里
20200124 15:43,120.4669,23.9591,12970,溪湖鎮北勢里
20200124 15:44,120.4743,23.9547,12974,溪湖鎮汴頭里
20200124 15:44,120.4731,23.9641,12976,溪湖鎮大突里
20200124 15:44,120.4681,23.9592,12979,溪湖鎮大突里
20200124 15:50,120.4660,23.9679,12984,溪湖鎮大突里
20200124 15:50,120.4670,23.9728,12985,溪湖鎮西寮里
20200124 15:51,120.4718,23.9746,12988,溪湖鎮西寮里
20200124 16:15,120.4697,23.9733,13007,溪湖鎮西寮里
20200124 19:16,120.4724,23.9722,13117,溪湖鎮西寮里
20200124 19:21,120.4718,23.9746,13125,溪湖鎮西寮里
20200124 19:31,120.4749,23.9749,13139,溪湖鎮西寮里
20200124 19:53,120.4717,23.9652,13188,溪湖鎮大突里
20200124 19:53,120.4719,23.9737,13189,溪湖鎮西寮里
20200124 19:58,120.4752,23.9749,13197,溪湖鎮西寮里
20200124 21:08,120.4760,23.9681,13274,溪湖鎮東寮里
20200124 21:09,120.4735,23.9644,13279,溪湖鎮大突里
20200124 21:10,120.4778,23.9565,13281,溪湖鎮大竹里
20200124 21:10,120.4772,23.9616,13286,溪湖鎮太平里
20200124 21:11,120.4670,23.9601,13287,溪湖鎮大突里
20200124 21:11,120.4781,23.9564,13295,溪湖鎮大竹里
20200124 21:11,120.4702,23.9592,13296,溪湖鎮大突里
20200124 21:12,120.4652,23.9591,13298,溪湖鎮北勢里
20200124 21:13,120.4619,23.9582,13324,溪湖鎮河東里
20200124 21:13,120.4715,23.9592,13326,溪湖鎮大突里
20200124 21:15,120.4618,23.9553,13333,溪湖鎮河東里
20200125 09:55,120.4609,23.9477,13519,溪湖鎮河東里
20200125 09:56,120.4629,23.9462,13526,溪湖鎮河東里
20200125 09:59,120.4648,23.9345,13528,溪湖鎮西勢里
20200125 09:59,120.4477,23.9301,13530,二林鎮華崙里
20200125 09:59,120.4523,23.9153,13531,埤頭鄉豊崙村
20200125 09:59,120.4648,23.9345,13532,溪湖鎮西勢里
20200125 09:59,120.4530,23.9175,13533,埤頭鄉豊崙村
20200125 09:59,120.4600,23.9317,13535,二林鎮華崙里
20200125 09:59,120.4635,23.9350,13536,溪湖鎮西勢里
20200125 09:59,120.4548,23.9351,13537,二林鎮華崙里
20200125 10:08,120.4582,23.8920,13540,埤頭鄉合興村
20200125 10:09,120.4539,23.8927,13542,埤頭鄉合興村
20200125 10:12,120.4341,23.8704,13543,竹塘鄉五庄村
20200125 10:12,120.4426,23.8875,13544,二林鎮東華里
20200125 10:12,120.4520,23.8728,13546,埤頭鄉大湖村
20200125 10:17,120.4321,23.8604,13554,竹塘鄉竹塘村
20200125 10:21,120.4286,23.8569,13556,竹塘鄉樹腳村
20200125 10:31,120.4257,23.8554,13563,竹塘鄉竹元村
20200125 10:42,120.4278,23.8542,13575,竹塘鄉竹元村
20200125 10:45,120.4275,23.8516,13654,竹塘鄉新廣村
20200125 10:59,120.4317,23.8577,13676,竹塘鄉樹腳村
20200125 11:00,120.4320,23.8603,13678,竹塘鄉竹塘村
20200125 11:02,120.4431,23.8705,13679,埤頭鄉大湖村
20200125 11:12,120.4872,23.8881,13683,埤頭鄉和豊村
20200125 11:14,120.4932,23.8793,13685,埤頭鄉和豊村
20200125 11:15,120.4957,23.8769,13690,埤頭鄉元埔村
20200125 11:15,120.5020,23.8696,13703,埤頭鄉元埔村
20200125 11:19,120.4958,23.8596,13708,溪州鄉瓦厝村
20200125 11:23,120.4966,23.8657,13713,溪州鄉瓦厝村
20200125 12:05,120.4972,23.8695,13746,埤頭鄉元埔村
20200125 12:14,120.4962,23.8720,13759,埤頭鄉元埔村
20200125 12:14,120.4972,23.8647,13760,溪州鄉尾厝村
20200125 12:17,120.4905,23.8699,13764,埤頭鄉元埔村
20200125 12:18,120.4908,23.8775,13765,埤頭鄉元埔村
20200125 12:22,120.4916,23.8832,13769,埤頭鄉和豊村
20200125 12:27,120.5023,23.8812,13777,北斗鎮中寮里
20200125 12:27,120.4910,23.8758,13779,埤頭鄉元埔村
20200125 12:30,120.5001,23.9189,13784,田尾鄉海豐村
20200125 12:41,120.5255,23.9495,13787,埔心鄉舊館村
20200125 13:01,120.5182,23.9518,13800,埔心鄉芎蕉村
20200125 13:02,120.5227,23.9497,13802,埔心鄉舊館村
20200125 13:05,120.5191,23.9497,13804,埔心鄉舊館村
20200125 13:08,120.4985,23.9538,13806,溪湖鎮東溪里
20200125 13:09,120.4908,23.9546,13809,溪湖鎮西溪里
20200125 13:09,120.4803,23.9559,13816,溪湖鎮大竹里
20200125 13:09,120.4940,23.9519,13817,溪湖鎮西溪里
20200125 13:10,120.4857,23.9565,13819,溪湖鎮湖東里
20200125 13:12,120.4825,23.9578,13823,溪湖鎮西溪里
20200125 13:21,120.4622,23.9562,13825,溪湖鎮田中里
20200125 13:31,120.4658,23.9592,13833,溪湖鎮北勢里
20200125 13:38,120.4743,23.9641,13835,溪湖鎮大突里
20200125 13:39,120.4820,23.9638,13839,溪湖鎮湖東里
20200125 13:40,120.4863,23.9674,13846,溪湖鎮湖東里
20200125 13:41,120.4923,23.9684,13851,溪湖鎮中山里
20200125 13:45,120.5175,23.9761,13858,埔心鄉埤腳村
20200125 13:49,120.5323,23.9700,13861,埔心鄉埤霞村
20200125 13:50,120.5393,23.9690,13863,埔心鄉油車村
20200125 13:52,120.5471,23.9630,13865,員林市源潭里
20200125 13:56,120.5617,23.9629,13867,員林市南興里
20200125 13:58,120.5670,23.9622,13869,員林市南平里
20200125 13:59,120.5700,23.9608,13874,員林市和平里
20200125 14:33,120.5710,23.9587,13902,員林市中山里
20200125 17:25,120.5729,23.9572,14025,員林市光明里
20200125 17:25,120.5713,23.9620,14026,員林市仁美里
20200125 17:27,120.5719,23.9593,14042,員林市和平里
20200125 17:36,120.5666,23.9599,14064,員林市新生里
20200125 17:43,120.5713,23.9619,14066,員林市仁美里
20200125 17:48,120.5721,23.9587,14093,員林市中正里
20200125 17:53,120.5727,23.9564,14095,員林市光明里
20200125 17:53,120.5700,23.9607,14096,員林市和平里
20200125 18:28,120.5720,23.9592,14128,員林市中正里
20200125 18:55,120.5666,23.9609,14166,員林市新生里
20200125 19:07,120.5681,23.9563,14177,員林市新生里
20200125 19:07,120.5729,23.9573,14180,員林市光明里
20200125 19:13,120.5504,23.9534,14182,埔心鄉義民村
20200125 19:13,120.5430,23.9514,14183,埔心鄉東門村
20200125 19:24,120.4931,23.9540,14184,溪湖鎮西溪里
20200125 19:30,120.4817,23.9552,14188,溪湖鎮大竹里
20200125 19:31,120.4777,23.9566,14203,溪湖鎮大竹里
20200125 19:32,120.4803,23.9588,14208,溪湖鎮平和里
20200125 19:44,120.4613,23.9518,14216,溪湖鎮河東里
20200125 19:45,120.4621,23.9558,14218,溪湖鎮田中里
20200126 06:55,120.4582,23.9559,14364,溪湖鎮河東里
20200127 07:20,120.4669,23.9591,14680,溪湖鎮北勢里
20200127 07:22,120.4806,23.9484,14683,溪湖鎮大竹里
20200127 07:23,120.4808,23.9454,14690,溪湖鎮番婆里
20200127 07:23,120.4884,23.9479,14693,溪湖鎮忠覺里
20200127 07:23,120.4806,23.9477,14694,溪湖鎮大竹里
20200127 07:24,120.4894,23.9551,14707,溪湖鎮湖東里
20200127 07:27,120.4929,23.9540,14708,溪湖鎮西溪里
20200127 07:30,120.5013,23.9536,14710,溪湖鎮東溪里
20200127 07:31,120.5022,23.9499,14712,溪湖鎮頂庄里
20200127 07:32,120.5072,23.9540,14718,溪湖鎮東溪里
20200127 07:33,120.5078,23.9857,14724,大村鄉大崙村
20200127 07:34,120.5065,23.9626,14725,溪湖鎮中竹里
20200127 07:42,120.5321,24.0905,14727,彰化市五權里
20200127 07:42,120.5351,24.0992,14728,和美鎮犁盛里
20200127 07:42,120.5334,24.0881,14729,彰化市五權里
20200127 07:42,120.5345,24.0830,14730,彰化市西勢里
20200127 07:42,120.5306,24.0906,14731,和美鎮詔安里
20200127 07:45,120.5457,24.1004,14746,彰化市茄南里
20200127 07:45,120.5411,24.1060,14748,和美鎮中寮里
20200127 07:45,120.5491,24.1058,14753,彰化市茄苳里
20200127 07:45,120.5457,24.1004,14755,彰化市茄南里
20200127 07:45,120.5411,24.1060,14758,和美鎮中寮里
20200127 07:45,120.5491,24.1058,14759,彰化市茄苳里
20200127 07:46,120.5435,24.1128,14760,和美鎮中寮里
20200127 07:51,120.5428,24.1728,14762,龍井區竹坑里
20200127 07:52,120.5524,24.1856,14764,龍井區竹坑里
20200127 07:52,120.5456,24.1886,14768,龍井區竹坑里
20200127 07:52,120.5669,24.1923,14783,龍井區新庄里
20200127 07:53,120.5689,24.1989,14784,沙鹿區三鹿里
20200127 07:53,120.5585,24.1938,14785,龍井區龍泉里
20200127 08:01,120.5958,24.2774,14788,清水區吳厝里
20200127 08:01,120.5991,24.2821,14789,清水區吳厝里
20200127 08:10,120.6006,24.2850,14814,清水區吳厝里
20200127 08:17,120.6149,24.3106,14815,清水區頂湳里
20200127 08:17,120.6062,24.3202,14816,大甲區文曲里
20200127 08:18,120.6247,24.3263,14817,外埔區水美里
20200127 08:18,120.6216,24.3215,14818,外埔區水美里
20200127 08:19,120.6406,24.3358,14819,外埔區水美里
20200127 08:19,120.6283,24.3302,14820,外埔區水美里
20200127 08:20,120.6506,24.3404,14827,外埔區大東里
20200127 08:20,120.6452,24.3373,14828,外埔區大東里
20200127 08:20,120.6617,24.3497,14829,外埔區鐵山里
20200127 08:20,120.6482,24.3392,14830,外埔區大東里
20200127 08:20,120.6565,24.3411,14832,外埔區中山里
20200127 08:20,120.6506,24.3404,14834,外埔區大東里
20200127 08:20,120.6458,24.3379,14835,外埔區大東里
20200127 08:20,120.6617,24.3497,14836,外埔區鐵山里
20200127 08:20,120.6565,24.3411,14839,外埔區中山里
20200127 08:20,120.6506,24.3404,14840,外埔區大東里
20200127 08:27,120.6789,24.4485,14846,苑裡鎮苑坑里
20200127 08:27,120.6784,24.4574,14847,通霄鎮五北里
20200127 08:32,120.7162,24.5098,14848,通霄鎮福源里
20200127 08:32,120.7164,24.4978,14849,通霄鎮內湖里
20200127 08:32,120.7165,24.5062,14852,通霄鎮內湖里
20200127 08:38,120.7761,24.5931,14853,後龍鎮龍坑里
20200127 08:38,120.7911,24.6037,14854,後龍鎮龍坑里
20200127 08:38,120.7633,24.5808,14857,後龍鎮福寧里
20200127 08:38,120.7761,24.5931,14858,後龍鎮龍坑里
20200127 08:38,120.7739,24.5884,14861,後龍鎮龍坑里
20200127 08:41,120.8106,24.6218,14862,後龍鎮埔頂里
20200127 08:43,120.8399,24.6620,14869,造橋鄉談文村
20200127 08:43,120.8332,24.6519,14870,造橋鄉龍昇村
20200127 08:50,120.9077,24.7305,14874,竹南鎮公義里
20200127 08:52,120.9366,24.7529,14875,香山區茄苳里
20200127 08:52,120.9462,24.7596,14879,香山區香村里
20200127 08:53,120.9605,24.7492,14884,寶山鄉深井村
20200127 08:55,120.9834,24.7574,14885,寶山鄉雙新村
20200127 08:55,120.9832,24.7519,14886,寶山鄉雙新村
20200127 08:59,121.0039,24.7948,14896,東區建功里
20200127 09:00,121.0032,24.7919,14898,東區立功里
20200127 09:03,120.9943,24.7984,14909,東區軍功里
20200127 09:06,120.9885,24.7981,14918,東區綠水里
20200127 09:09,120.9815,24.8002,14920,東區公園里
20200127 09:17,120.9843,24.7924,14923,東區光明里
20200127 09:20,120.9875,24.7962,14931,東區綠水里
20200127 09:27,120.9993,24.7966,14933,東區建功里
20200127 09:28,120.9940,24.7958,14934,東區光明里
20200127 09:29,120.9895,24.7907,14970,東區光明里
20200127 09:29,120.9856,24.7873,14979,東區仙宮里
20200127 09:29,120.9944,24.7957,14980,東區光明里
20200127 09:29,120.9902,24.7895,14982,東區光明里
20200127 09:30,120.9856,24.7873,14994,東區仙宮里
20200127 09:31,120.9972,24.7949,15015,東區光明里
20200127 09:31,120.9889,24.7886,15016,東區仙宮里
20200127 09:31,121.0009,24.7935,15018,東區光明里
20200127 09:31,120.9860,24.7916,15019,東區光明里
20200127 09:31,120.9972,24.7949,15034,東區光明里
20200127 09:31,120.9889,24.7886,15036,東區仙宮里
20200127 09:31,121.0016,24.7929,15042,東區光明里
20200127 09:31,120.9854,24.7873,15044,東區仙宮里
20200127 09:31,120.9995,24.7944,15053,東區立功里
20200127 09:31,120.9874,24.7893,15054,東區光明里
20200127 09:31,121.0016,24.7929,15065,東區光明里
20200127 09:31,120.9860,24.7916,15069,東區光明里
20200127 09:31,120.9972,24.7949,15080,東區光明里
20200127 09:31,120.9876,24.7890,15081,東區光明里
20200127 09:37,120.9892,24.7871,15084,東區仙宮里
20200127 09:40,120.9845,24.7920,15097,東區光明里
20200127 09:48,120.9863,24.7952,15104,東區綠水里
20200127 09:50,120.9875,24.8009,15106,東區綠水里
20200127 09:54,120.9824,24.7932,15140,東區光明里
20200127 09:59,120.9826,24.8025,15151,東區東園里
20200127 09:59,120.9964,24.7970,15154,東區軍功里
20200127 09:59,120.9868,24.8041,15161,東區東勢里
20200127 10:04,120.9815,24.8002,15195,東區公園里
20200127 10:06,120.9877,24.7976,15203,東區綠水里
20200127 10:07,120.9875,24.8000,15213,東區綠水里
20200127 10:08,120.9912,24.8029,15219,東區光復里
20200127 10:09,120.9926,24.7992,15223,東區水源里
20200127 10:10,120.9948,24.7980,15239,東區軍功里
20200127 10:21,121.0098,24.7727,15244,寶山鄉大崎村
20200127 10:27,121.0214,24.7415,15246,寶山鄉寶山村
20200127 10:28,121.0224,24.7384,15251,寶山鄉寶山村
20200127 10:28,121.0291,24.7311,15252,寶山鄉寶山村
20200127 10:28,121.0229,24.7304,15256,寶山鄉寶山村
20200127 10:28,121.0228,24.7381,15257,寶山鄉寶山村
20200127 10:32,121.0361,24.7219,15258,寶山鄉油田村
20200127 10:33,121.0382,24.7170,15262,寶山鄉山湖村
20200127 10:34,121.0414,24.7169,15265,北埔鄉埔尾村
20200127 10:44,121.0439,24.7096,15276,北埔鄉埔尾村
20200127 10:45,121.0454,24.7071,15277,北埔鄉埔尾村
20200127 10:50,121.0567,24.7007,15284,北埔鄉北埔村
20200127 10:53,121.0541,24.6987,15289,北埔鄉南興村
20200127 11:24,121.0549,24.7039,15316,北埔鄉埔尾村
20200127 11:37,121.0504,24.7035,15345,北埔鄉埔尾村
20200127 11:39,121.0528,24.7051,15363,北埔鄉埔尾村
20200127 12:23,121.0561,24.7032,15452,北埔鄉埔尾村
20200127 12:29,121.0545,24.6979,15454,北埔鄉南興村
20200127 12:30,121.0572,24.6999,15456,北埔鄉南興村
20200127 14:18,121.0546,24.7006,15585,北埔鄉埔尾村
20200127 14:19,121.0539,24.6970,15596,北埔鄉埔尾村
20200127 14:20,121.0471,24.6946,15607,北埔鄉南埔村
20200127 14:21,121.0518,24.6912,15612,北埔鄉大林村
20200127 14:24,121.0546,24.6793,15616,北埔鄉南坑村
20200127 14:29,121.0684,24.6720,15620,北埔鄉外坪村
20200127 14:30,121.0712,24.6677,15625,北埔鄉外坪村
20200127 14:35,121.0793,24.6564,15631,北埔鄉外坪村
20200127 14:35,121.0753,24.6514,15635,北埔鄉外坪村
20200127 14:36,121.0786,24.6510,15636,北埔鄉外坪村
20200127 14:38,121.0852,24.6495,15644,北埔鄉外坪村
20200127 14:41,121.0879,24.6405,15651,北埔鄉外坪村
20200127 14:50,121.1196,24.6348,15663,五峰鄉大隘村
20200127 14:54,121.1099,24.6294,15671,五峰鄉大隘村
20200127 15:03,121.1060,24.6135,15682,五峰鄉大隘村
20200127 15:07,121.0994,24.6114,15692,五峰鄉大隘村
20200127 15:07,121.1191,24.6339,15693,五峰鄉大隘村
20200127 15:10,121.1074,24.6126,15697,五峰鄉大隘村
20200127 15:16,121.1087,24.5944,15707,五峰鄉桃山村
20200127 15:20,121.1030,24.5745,15708,五峰鄉桃山村
20200127 15:21,121.1031,24.5779,15714,五峰鄉桃山村
20200127 15:22,121.1078,24.5978,15717,五峰鄉桃山村
20200127 15:23,121.0984,24.5873,15721,五峰鄉桃山村
20200127 15:23,121.1033,24.5961,15723,五峰鄉桃山村
20200127 15:26,121.1039,24.5795,15729,五峰鄉桃山村
20200127 15:29,121.0949,24.6025,15732,五峰鄉大隘村
20200127 15:33,121.0992,24.5873,15747,五峰鄉桃山村
20200127 15:33,121.1037,24.5794,15748,五峰鄉桃山村
20200127 15:33,121.0947,24.5999,15749,五峰鄉大隘村
20200127 15:33,121.0992,24.5873,15752,五峰鄉桃山村
20200127 15:33,121.1039,24.5795,15753,五峰鄉桃山村
20200127 15:33,121.0942,24.6021,15755,五峰鄉大隘村
20200127 15:34,121.1086,24.5971,15756,五峰鄉桃山村
20200127 15:49,121.1235,24.6794,15795,橫山鄉南昌村
20200127 15:49,121.1805,24.7873,15801,關西鎮東安里
20200127 15:49,121.1086,24.5971,15803,五峰鄉桃山村
20200127 15:50,121.0988,24.5882,15805,五峰鄉桃山村
20200127 15:50,121.1274,24.6757,15808,橫山鄉南昌村
20200127 15:50,121.1449,24.6458,15810,五峰鄉花園村
20200127 15:50,121.1090,24.5964,15811,五峰鄉桃山村
20200127 15:50,121.0988,24.5882,15812,五峰鄉桃山村
20200127 15:50,121.1274,24.6757,15813,橫山鄉南昌村
20200127 15:50,121.1190,24.6817,15815,橫山鄉南昌村
20200127 15:51,121.1090,24.5967,15816,五峰鄉桃山村
20200127 15:54,121.1017,24.5875,15824,五峰鄉桃山村
20200127 15:54,121.1045,24.5827,15826,五峰鄉桃山村
20200127 15:56,121.1037,24.5850,15828,五峰鄉桃山村
20200127 16:00,121.1065,24.5859,15831,五峰鄉桃山村
20200127 16:00,121.1040,24.5900,15832,五峰鄉桃山村
20200127 16:01,121.1081,24.5974,15834,五峰鄉桃山村
20200127 16:09,121.1039,24.5851,15859,五峰鄉桃山村
20200127 16:14,121.1029,24.6161,15861,五峰鄉大隘村
20200127 16:14,121.1243,24.6401,15862,五峰鄉大隘村
20200127 16:23,121.1044,24.5801,15864,五峰鄉桃山村
20200127 16:27,121.2098,24.6451,15869,尖石鄉梅花村
20200127 16:32,121.0992,24.5873,15883,五峰鄉桃山村
20200127 16:32,121.1037,24.5794,15884,五峰鄉桃山村
20200127 16:37,121.1080,24.5975,15886,五峰鄉桃山村
20200127 16:46,121.0908,24.5960,15929,五峰鄉大隘村
20200127 16:56,121.1205,24.6360,15951,五峰鄉大隘村
20200127 17:01,121.1274,24.6757,15958,橫山鄉南昌村
20200127 17:02,121.1796,24.7765,15960,關西鎮東光里
20200127 17:02,121.1690,24.6696,15962,尖石鄉義興村
20200127 17:02,121.1767,24.7771,15963,關西鎮東光里
20200127 17:02,121.1455,24.6363,15969,五峰鄉花園村
20200127 17:02,121.1502,24.6694,15970,五峰鄉花園村
20200127 17:02,121.1690,24.6696,15971,尖石鄉義興村
20200127 17:02,121.1798,24.7757,15972,關西鎮東光里
20200127 17:02,121.1442,24.6559,15974,五峰鄉花園村
20200127 17:02,121.1690,24.6696,15975,尖石鄉義興村
20200127 17:02,121.1766,24.7773,15976,關西鎮東光里
20200127 17:02,121.1502,24.6694,15978,五峰鄉花園村
20200127 17:02,121.1230,24.6796,15979,橫山鄉南昌村
20200127 17:02,121.1796,24.7765,15980,關西鎮東光里
20200127 17:02,121.1502,24.6694,15981,五峰鄉花園村
20200127 17:02,121.1690,24.6696,15982,尖石鄉義興村
20200127 17:02,121.1796,24.7765,15983,關西鎮東光里
20200127 17:03,121.1086,24.5971,15985,五峰鄉桃山村
20200127 17:12,121.1028,24.5963,16006,五峰鄉桃山村
20200127 17:29,121.0951,24.5958,16035,五峰鄉大隘村
20200127 17:52,121.1078,24.5978,16047,五峰鄉桃山村
20200127 18:00,121.1033,24.5788,16064,五峰鄉桃山村
20200127 18:04,121.0991,24.5875,16086,五峰鄉桃山村
20200127 18:04,121.0992,24.5957,16088,五峰鄉桃山村
20200127 18:04,121.1036,24.5793,16092,五峰鄉桃山村
20200127 18:04,121.0991,24.5875,16093,五峰鄉桃山村
20200127 18:04,121.0992,24.5957,16094,五峰鄉桃山村
20200127 18:05,121.1033,24.5788,16095,五峰鄉桃山村
20200127 18:06,121.1295,24.5587,16098,五峰鄉桃山村
20200127 18:26,121.1059,24.6470,16129,竹東鎮上坪里
20200127 18:41,121.1765,24.6669,16141,尖石鄉梅花村
20200127 18:42,121.1666,24.6699,16146,尖石鄉義興村
20200127 18:42,121.1676,24.7420,16148,橫山鄉沙坑村
20200127 18:42,121.1638,24.6702,16151,尖石鄉義興村
20200127 18:43,121.1631,24.7441,16154,橫山鄉沙坑村
20200127 18:44,121.1218,24.6611,16161,竹東鎮上坪里
20200127 18:44,121.1194,24.6690,16170,橫山鄉南昌村
20200127 18:44,121.1631,24.7441,16171,橫山鄉沙坑村
20200127 18:45,121.0941,24.6208,16172,五峰鄉大隘村
20200127 18:45,121.1222,24.6603,16177,竹東鎮上坪里
20200127 18:46,121.1039,24.5795,16178,五峰鄉桃山村
20200127 18:47,121.1010,24.5840,16183,五峰鄉桃山村
20200127 18:49,121.1090,24.5964,16195,五峰鄉桃山村
20200127 18:57,121.0832,24.5974,16218,五峰鄉大隘村
20200127 19:05,121.1160,24.6230,16309,五峰鄉竹林村
20200127 19:54,121.1094,24.5974,16323,五峰鄉桃山村
20200127 20:02,121.0845,24.5970,16324,五峰鄉大隘村
20200127 20:07,121.1059,24.5968,16333,五峰鄉桃山村
20200127 20:23,121.1152,24.5992,16334,五峰鄉桃山村
20200127 21:30,121.0990,24.5958,16539,五峰鄉桃山村
20200127 21:49,121.1033,24.5962,16591,五峰鄉桃山村
20200127 22:44,121.0928,24.5959,16784,五峰鄉大隘村
20200127 23:16,121.1093,24.5972,16795,五峰鄉桃山村
20200127 23:32,121.0819,24.5977,16804,南庄鄉東河村
20200128 00:06,121.1020,24.5960,16807,五峰鄉桃山村
20200128 00:22,121.1065,24.5966,16828,五峰鄉桃山村
20200128 01:06,121.1104,24.5977,16856,五峰鄉桃山村
20200128 01:41,121.0675,24.6040,16872,南庄鄉東河村
20200128 02:00,121.0866,24.5968,16879,五峰鄉大隘村
20200128 02:41,121.0780,24.5989,16900,南庄鄉東河村
20200128 02:57,121.0672,24.6052,16909,南庄鄉東河村
20200128 03:13,121.0845,24.5976,16918,五峰鄉大隘村
20200128 03:35,121.0905,24.5966,16925,五峰鄉大隘村
20200128 04:16,121.0688,24.6036,16940,南庄鄉東河村
20200128 05:11,121.0879,24.5963,16963,五峰鄉大隘村
20200128 05:23,121.0713,24.6017,16972,南庄鄉東河村
20200128 05:45,121.0647,24.6059,16981,南庄鄉東河村
20200128 06:31,121.0680,24.6037,17004,南庄鄉東河村
20200128 06:51,121.1086,24.5971,17010,五峰鄉桃山村
20200128 06:56,121.1442,24.6502,17025,五峰鄉花園村
20200128 06:56,121.1419,24.6251,17026,五峰鄉竹林村
20200128 06:56,121.1092,24.5981,17028,五峰鄉桃山村
20200128 06:56,121.1442,24.6502,17029,五峰鄉花園村
20200128 06:56,121.1419,24.6251,17032,五峰鄉竹林村
20200128 06:56,121.1274,24.6757,17033,橫山鄉南昌村
20200128 06:56,121.1092,24.5981,17034,五峰鄉桃山村
20200128 06:56,121.1442,24.6502,17035,五峰鄉花園村
20200128 06:56,121.1419,24.6251,17037,五峰鄉竹林村
20200128 06:56,121.1092,24.5981,17041,五峰鄉桃山村
20200128 06:56,121.1442,24.6502,17042,五峰鄉花園村
20200128 06:56,121.1419,24.6251,17045,五峰鄉竹林村
20200128 06:56,121.1092,24.5981,17046,五峰鄉桃山村
20200128 06:56,121.1442,24.6502,17049,五峰鄉花園村
20200128 06:56,121.1419,24.6251,17050,五峰鄉竹林村
20200128 06:56,121.1274,24.6757,17052,橫山鄉南昌村
20200128 06:57,121.1630,24.7441,17054,橫山鄉沙坑村
20200128 06:57,121.1218,24.6803,17058,橫山鄉南昌村
20200128 06:58,121.1086,24.5971,17062,五峰鄉桃山村
20200128 06:58,121.1450,24.6373,17063,五峰鄉花園村
20200128 06:58,121.1451,24.6423,17066,五峰鄉花園村
20200128 06:58,121.1086,24.5971,17067,五峰鄉桃山村
20200128 07:10,121.1274,24.6757,17087,橫山鄉南昌村
20200128 07:10,121.1207,24.6809,17089,橫山鄉南昌村
20200128 07:10,121.1152,24.6000,17090,五峰鄉竹林村
20200128 07:10,121.1130,24.6841,17091,橫山鄉田寮村
20200128 07:10,121.1082,24.5973,17092,五峰鄉桃山村
20200128 07:10,121.1277,24.6765,17094,橫山鄉南昌村
20200128 07:10,121.1450,24.6459,17096,五峰鄉花園村
20200128 07:10,121.1130,24.6841,17097,橫山鄉田寮村
20200128 07:10,121.1092,24.5981,17098,五峰鄉桃山村
20200128 07:10,121.1233,24.6792,17099,橫山鄉南昌村
20200128 07:10,121.1450,24.6459,17100,五峰鄉花園村
20200128 07:10,121.1277,24.6765,17101,橫山鄉南昌村
20200128 07:10,121.1763,24.7764,17102,關西鎮東光里
20200128 07:10,121.1082,24.5973,17103,五峰鄉桃山村
20200128 07:10,121.1274,24.6757,17105,橫山鄉南昌村
20200128 07:10,121.1152,24.6000,17108,五峰鄉竹林村
20200128 07:10,121.1450,24.6459,17110,五峰鄉花園村
20200128 07:10,121.1078,24.5978,17111,五峰鄉桃山村
20200128 07:10,121.1450,24.6373,17112,五峰鄉花園村
20200128 07:10,121.1450,24.6459,17113,五峰鄉花園村
20200128 07:11,121.1092,24.5981,17114,五峰鄉桃山村
20200128 07:13,121.1421,24.6235,17139,五峰鄉竹林村
20200128 07:13,121.1380,24.6179,17141,五峰鄉竹林村
20200128 07:13,121.1092,24.5981,17142,五峰鄉桃山村
20200128 07:13,121.1451,24.6423,17146,五峰鄉花園村
20200128 07:14,121.1339,24.6708,17147,橫山鄉南昌村
20200128 07:14,121.1763,24.7765,17151,關西鎮東光里
20200128 07:14,121.1275,24.6764,17152,橫山鄉南昌村
20200128 07:14,121.1339,24.6708,17155,橫山鄉南昌村
20200128 07:14,121.1234,24.6786,17156,橫山鄉南昌村
20200128 07:14,121.1274,24.6759,17157,橫山鄉南昌村
20200128 07:15,121.1766,24.7773,17159,關西鎮東光里
20200128 07:16,121.1450,24.6373,17165,五峰鄉花園村
20200128 07:16,121.1422,24.6235,17166,五峰鄉竹林村
20200128 07:16,121.1177,24.6010,17168,五峰鄉竹林村
20200128 07:16,121.1450,24.6373,17174,五峰鄉花園村
20200128 07:16,121.1422,24.6235,17175,五峰鄉竹林村
20200128 07:16,121.1365,24.6681,17178,橫山鄉南昌村
20200128 07:16,121.1450,24.6373,17180,五峰鄉花園村
20200128 07:16,121.1177,24.6010,17181,五峰鄉竹林村
20200128 07:16,121.1424,24.6251,17182,五峰鄉竹林村
20200128 07:16,121.1226,24.6799,17184,橫山鄉南昌村
20200128 07:16,121.1450,24.6373,17185,五峰鄉花園村
20200128 07:16,121.1422,24.6235,17186,五峰鄉竹林村
20200128 07:16,121.1092,24.5981,17187,五峰鄉桃山村
20200128 07:16,121.1177,24.6010,17192,五峰鄉竹林村
20200128 07:16,121.1427,24.6553,17194,五峰鄉花園村
20200128 07:16,121.1450,24.6373,17195,五峰鄉花園村
20200128 07:16,121.1424,24.6251,17197,五峰鄉竹林村
20200128 07:16,121.1078,24.5978,17199,五峰鄉桃山村
20200128 07:16,121.1450,24.6373,17201,五峰鄉花園村
20200128 07:16,121.1424,24.6251,17202,五峰鄉竹林村
20200128 07:16,121.1078,24.5978,17203,五峰鄉桃山村
20200128 07:16,121.1226,24.6799,17207,橫山鄉南昌村
20200128 07:16,121.1427,24.6553,17208,五峰鄉花園村
20200128 07:16,121.1177,24.6010,17209,五峰鄉竹林村
20200128 07:17,121.1080,24.5975,17211,五峰鄉桃山村
20200128 07:27,121.1445,24.6323,17262,五峰鄉花園村
20200128 07:28,121.1321,24.6716,17263,橫山鄉南昌村
20200128 07:29,121.1277,24.6765,17264,橫山鄉南昌村
20200128 07:29,121.1639,24.7443,17265,橫山鄉沙坑村
20200128 07:29,121.1230,24.6796,17266,橫山鄉南昌村
20200128 07:30,121.1135,24.6840,17267,橫山鄉田寮村
20200128 07:30,121.1639,24.7443,17268,橫山鄉沙坑村
20200128 07:30,121.1276,24.6764,17276,橫山鄉南昌村
20200128 07:30,121.1135,24.6840,17279,橫山鄉田寮村
20200128 07:30,121.1639,24.7443,17280,橫山鄉沙坑村
20200128 07:31,121.1285,24.6768,17284,橫山鄉南昌村
20200128 07:32,121.1458,24.6443,17285,五峰鄉花園村
20200128 07:33,121.1078,24.5978,17286,五峰鄉桃山村
20200128 07:34,121.1050,24.6072,17287,五峰鄉大隘村
20200128 07:37,121.1450,24.6373,17329,五峰鄉花園村
20200128 07:37,121.1233,24.6795,17330,橫山鄉南昌村
20200128 07:37,121.1277,24.6765,17331,橫山鄉南昌村
20200128 07:37,121.1443,24.6502,17332,五峰鄉花園村
20200128 07:37,121.1430,24.6255,17333,五峰鄉竹林村
20200128 07:37,121.1646,24.7444,17335,橫山鄉沙坑村
20200128 07:37,121.1443,24.6502,17336,五峰鄉花園村
20200128 07:37,121.1087,24.5970,17337,五峰鄉桃山村
20200128 07:37,121.1648,24.7445,17340,橫山鄉沙坑村
20200128 07:37,121.1406,24.6224,17341,五峰鄉竹林村
20200128 07:37,121.1443,24.6502,17342,五峰鄉花園村
20200128 07:37,121.1078,24.5978,17343,五峰鄉桃山村
20200128 07:37,121.1450,24.6373,17344,五峰鄉花園村
20200128 07:37,121.1050,24.6859,17345,橫山鄉田寮村
20200128 07:37,121.1443,24.6502,17346,五峰鄉花園村
20200128 07:37,121.1406,24.6224,17347,五峰鄉竹林村
20200128 07:37,121.1277,24.6765,17349,橫山鄉南昌村
20200128 07:37,121.1233,24.6795,17350,橫山鄉南昌村
20200128 07:37,121.1443,24.6502,17352,五峰鄉花園村
20200128 07:38,121.1086,24.5971,17353,五峰鄉桃山村
20200128 07:44,121.0954,24.5969,17442,五峰鄉大隘村
20200128 07:44,121.1018,24.5968,17451,五峰鄉桃山村
20200128 07:45,121.1078,24.5978,17452,五峰鄉桃山村
20200128 07:47,121.1414,24.6240,17494,五峰鄉竹林村
20200128 07:47,121.1450,24.6373,17509,五峰鄉花園村
20200128 07:47,121.1084,24.5972,17510,五峰鄉桃山村
20200128 07:48,121.1275,24.6764,17518,橫山鄉南昌村
20200128 07:48,121.1646,24.7444,17521,橫山鄉沙坑村
20200128 07:48,121.1205,24.6810,17523,橫山鄉南昌村
20200128 07:48,121.1275,24.6764,17525,橫山鄉南昌村
20200128 07:48,121.1442,24.6502,17528,五峰鄉花園村
20200128 07:48,121.1651,24.7445,17529,橫山鄉沙坑村
20200128 07:48,121.1084,24.5972,17530,五峰鄉桃山村
20200128 07:48,121.1237,24.6792,17531,橫山鄉南昌村
20200128 07:55,121.1036,24.5793,17546,五峰鄉桃山村
20200128 08:04,121.1017,24.5959,17574,五峰鄉桃山村
20200128 08:04,121.0943,24.6014,17578,五峰鄉大隘村
20200128 08:04,121.1039,24.5795,17580,五峰鄉桃山村
20200128 08:04,121.0992,24.5873,17581,五峰鄉桃山村
20200128 08:04,121.1017,24.5959,17583,五峰鄉桃山村
20200128 08:04,121.1039,24.5795,17584,五峰鄉桃山村
20200128 08:05,121.0943,24.6016,17586,五峰鄉大隘村
20200128 08:05,121.0926,24.6155,17589,五峰鄉大隘村
20200128 08:11,121.1792,24.7841,17598,關西鎮東光里
20200128 08:16,121.0926,24.6112,17605,五峰鄉大隘村
20200128 08:19,121.0926,24.6155,17609,五峰鄉大隘村
20200128 08:21,121.1039,24.5795,17618,五峰鄉桃山村
20200128 08:21,121.0988,24.5880,17624,五峰鄉桃山村
20200128 08:21,121.1013,24.5959,17625,五峰鄉桃山村
20200128 08:22,121.1039,24.5795,17628,五峰鄉桃山村
20200128 08:22,121.0992,24.5872,17630,五峰鄉桃山村
20200128 08:23,121.0945,24.6005,17639,五峰鄉大隘村
20200128 08:23,121.1018,24.5959,17640,五峰鄉桃山村
20200128 08:23,121.0991,24.5875,17641,五峰鄉桃山村
20200128 08:23,121.1086,24.5971,17642,五峰鄉桃山村
20200128 08:23,121.1033,24.5788,17645,五峰鄉桃山村
20200128 08:23,121.0945,24.6005,17647,五峰鄉大隘村
20200128 08:23,121.0991,24.5875,17648,五峰鄉桃山村
20200128 08:23,121.1086,24.5971,17649,五峰鄉桃山村
20200128 08:23,121.0945,24.6007,17650,五峰鄉大隘村
20200128 08:23,121.1018,24.5959,17651,五峰鄉桃山村
20200128 08:23,121.1086,24.5971,17652,五峰鄉桃山村
20200128 08:23,121.1035,24.5792,17657,五峰鄉桃山村
20200128 08:30,121.0935,24.6156,17660,五峰鄉大隘村
20200128 08:30,121.0943,24.6216,17661,五峰鄉大隘村
20200128 08:33,121.0944,24.6010,17666,五峰鄉大隘村
20200128 08:33,121.1091,24.5988,17669,五峰鄉桃山村
20200128 08:33,121.0939,24.6040,17670,五峰鄉大隘村
20200128 08:34,121.0984,24.5973,17674,五峰鄉大隘村
20200128 08:34,121.1078,24.5978,17675,五峰鄉桃山村
20200128 08:34,121.0948,24.5994,17676,五峰鄉大隘村
20200128 08:35,121.1003,24.5819,17682,五峰鄉桃山村
20200128 08:35,121.1078,24.5978,17684,五峰鄉桃山村
20200128 08:35,121.0988,24.5882,17686,五峰鄉桃山村
20200128 08:35,121.0940,24.6031,17688,五峰鄉大隘村
20200128 08:36,121.1009,24.5841,17690,五峰鄉桃山村
20200128 08:37,121.1034,24.5791,17691,五峰鄉桃山村
20200128 08:38,121.1028,24.5961,17692,五峰鄉桃山村
20200128 08:38,121.1009,24.5842,17693,五峰鄉桃山村
20200128 08:38,121.1078,24.5976,17694,五峰鄉桃山村
20200128 08:38,121.0983,24.5892,17695,五峰鄉桃山村
20200128 08:38,121.1028,24.5961,17696,五峰鄉桃山村
20200128 08:38,121.1009,24.5842,17697,五峰鄉桃山村
20200128 08:45,121.1038,24.5795,17698,五峰鄉桃山村
20200128 08:50,121.1833,24.7852,17704,關西鎮東安里
20200128 08:50,121.1534,24.6697,17706,五峰鄉花園村
20200128 08:50,121.1677,24.6698,17707,尖石鄉義興村
20200128 08:50,121.1274,24.6757,17708,橫山鄉南昌村
20200128 08:50,121.1008,24.5843,17710,五峰鄉桃山村
20200128 08:51,121.0937,24.6227,17711,五峰鄉大隘村
20200128 08:51,121.0944,24.6012,17712,五峰鄉大隘村
20200128 08:51,121.0941,24.6203,17714,五峰鄉大隘村
20200128 08:52,121.1201,24.6812,17717,橫山鄉南昌村
20200128 08:52,121.2061,24.8288,17719,龍潭區高平里
20200128 08:52,121.1092,24.5981,17720,五峰鄉桃山村
20200128 08:52,121.1416,24.6579,17723,五峰鄉花園村
20200128 08:52,121.2061,24.8288,17724,龍潭區高平里
20200128 08:52,121.1201,24.6812,17726,橫山鄉南昌村
20200128 08:52,121.1051,24.6852,17728,橫山鄉田寮村
20200128 08:52,121.2061,24.8288,17729,龍潭區高平里
20200128 08:52,121.1202,24.6812,17730,橫山鄉南昌村
20200128 08:52,121.1120,24.6527,17731,竹東鎮上坪里
20200128 08:52,121.2061,24.8288,17732,龍潭區高平里
20200128 08:52,121.1416,24.6579,17733,五峰鄉花園村
20200128 08:53,121.1086,24.5971,17736,五峰鄉桃山村
20200128 08:55,121.1317,24.6650,17750,橫山鄉南昌村
20200128 08:55,121.1674,24.7420,17757,橫山鄉沙坑村
20200128 08:55,121.1592,24.6706,17758,尖石鄉義興村
20200128 08:56,121.1231,24.6796,17759,橫山鄉南昌村
20200128 08:56,121.1646,24.7444,17760,橫山鄉沙坑村
20200128 08:56,121.1450,24.6373,17762,五峰鄉花園村
20200128 08:56,121.1274,24.6757,17763,橫山鄉南昌村
20200128 08:57,121.1084,24.5972,17764,五峰鄉桃山村
20200128 09:01,121.1021,24.5961,17775,五峰鄉桃山村
20200128 09:01,121.1050,24.6072,17776,五峰鄉大隘村
20200128 09:21,121.1639,24.7443,17777,橫山鄉沙坑村
20200128 09:21,121.1449,24.6503,17779,五峰鄉花園村
20200128 09:21,121.1020,24.5961,17781,五峰鄉桃山村
20200128 09:21,121.1639,24.7443,17782,橫山鄉沙坑村
20200128 09:21,121.1276,24.6764,17783,橫山鄉南昌村
20200128 09:21,121.1177,24.6823,17784,橫山鄉南昌村
20200128 09:21,121.1449,24.6503,17785,五峰鄉花園村
20200128 09:22,121.1091,24.5987,17787,五峰鄉桃山村
20200128 09:25,121.1029,24.6161,17791,五峰鄉大隘村
20200128 09:34,121.0945,24.6005,17799,五峰鄉大隘村
20200128 09:34,121.1004,24.5850,17803,五峰鄉桃山村
20200128 09:34,121.1038,24.5795,17805,五峰鄉桃山村
20200128 09:37,121.0941,24.6025,17808,五峰鄉大隘村
20200128 09:46,121.0988,24.5734,17813,五峰鄉桃山村
20200128 09:46,121.1086,24.5929,17814,五峰鄉桃山村
20200128 09:46,121.0976,24.5871,17819,五峰鄉桃山村
20200128 09:46,121.0929,24.5776,17820,五峰鄉桃山村
20200128 09:46,121.1086,24.5929,17821,五峰鄉桃山村
20200128 09:46,121.0977,24.5730,17822,五峰鄉桃山村
20200128 09:46,121.0930,24.5755,17823,五峰鄉桃山村
20200128 09:46,121.0985,24.5869,17824,五峰鄉桃山村
20200128 09:46,121.0983,24.5735,17826,五峰鄉桃山村
20200128 09:46,121.1086,24.5929,17829,五峰鄉桃山村
20200128 09:46,121.0985,24.5869,17830,五峰鄉桃山村
20200128 09:46,121.0977,24.5730,17831,五峰鄉桃山村
20200128 09:46,121.0930,24.5755,17832,五峰鄉桃山村
20200128 09:46,121.1086,24.5929,17834,五峰鄉桃山村
20200128 09:46,121.0983,24.5735,17835,五峰鄉桃山村
20200128 09:46,121.0976,24.5871,17836,五峰鄉桃山村
20200128 09:46,121.0927,24.5843,17837,五峰鄉桃山村
20200128 09:46,121.1086,24.5929,17840,五峰鄉桃山村
20200128 09:50,121.0919,24.5813,17844,五峰鄉桃山村
20200128 09:51,121.0893,24.5775,17847,五峰鄉桃山村
20200128 09:51,121.0925,24.5737,17848,五峰鄉桃山村
20200128 09:55,121.0950,24.5767,17857,五峰鄉桃山村
20200128 09:56,121.1030,24.5778,17863,五峰鄉桃山村
20200128 10:01,121.0965,24.5685,17878,五峰鄉桃山村
20200128 10:01,121.0980,24.5732,17879,五峰鄉桃山村
20200128 10:01,121.0888,24.5635,17884,五峰鄉桃山村
20200128 10:06,121.1022,24.5734,17887,五峰鄉桃山村
20200128 10:15,121.1087,24.5874,17889,五峰鄉桃山村
20200128 10:16,121.1039,24.5795,17891,五峰鄉桃山村
20200128 10:20,121.1030,24.6037,17897,五峰鄉大隘村
20200128 10:26,121.1008,24.6218,17899,五峰鄉大隘村
20200128 10:30,121.1098,24.6301,17907,五峰鄉大隘村
20200128 10:30,121.1038,24.6279,17908,五峰鄉大隘村
20200128 10:35,121.1192,24.6299,17913,五峰鄉大隘村
20200128 10:49,121.1249,24.6365,17936,五峰鄉大隘村
20200128 10:50,121.1265,24.6390,17940,五峰鄉大隘村
20200128 10:51,121.1239,24.6443,17943,五峰鄉大隘村
20200128 10:55,121.1206,24.6630,17946,竹東鎮上坪里
20200128 10:56,121.1180,24.6652,17952,竹東鎮上坪里
20200128 10:57,121.1034,24.6690,17956,竹東鎮瑞峰里
20200128 11:01,121.1036,24.6809,17964,橫山鄉田寮村
20200128 11:02,121.1014,24.6831,17967,竹東鎮瑞峰里
20200128 11:03,121.1020,24.6899,17971,竹東鎮瑞峰里
20200128 11:04,121.1026,24.6921,18005,竹東鎮軟橋里
20200128 11:05,121.0931,24.6993,18009,竹東鎮軟橋里
20200128 11:13,121.0996,24.7233,18013,竹東鎮東寧里
20200128 11:13,121.0963,24.7189,18016,竹東鎮員崠里
20200128 11:14,121.0994,24.7263,18024,竹東鎮東寧里
20200128 11:15,121.1017,24.7304,18028,竹東鎮雞林里
20200128 11:16,121.0965,24.7381,18050,竹東鎮仁愛里
20200128 11:16,121.0925,24.7419,18053,竹東鎮仁愛里
20200128 11:17,121.0867,24.7462,18063,竹東鎮榮華里
20200128 11:17,121.0821,24.7498,18066,竹東鎮五豐里
20200128 11:17,121.0885,24.7438,18073,竹東鎮榮華里
20200128 11:17,121.0845,24.7479,18080,竹東鎮榮華里
20200128 11:18,121.0778,24.7525,18096,竹東鎮三重里
20200128 11:19,121.0678,24.7617,18117,竹東鎮三重里
20200128 11:19,121.0755,24.7551,18119,竹東鎮三重里
20200128 11:19,121.0700,24.7606,18120,竹東鎮三重里
20200128 11:19,121.0773,24.7533,18127,竹東鎮三重里
20200128 11:19,121.0664,24.7625,18129,竹東鎮三重里
20200128 11:19,121.0708,24.7601,18130,竹東鎮三重里
20200128 11:19,121.0755,24.7551,18135,竹東鎮三重里
20200128 11:20,121.0638,24.7666,18144,竹東鎮三重里
20200128 11:20,121.0615,24.7721,18147,竹東鎮三重里
20200128 11:20,121.0655,24.7633,18155,竹東鎮三重里
20200128 11:20,121.0628,24.7689,18159,竹東鎮三重里
20200128 11:21,121.0605,24.7745,18161,竹東鎮二重里
20200128 11:21,121.0572,24.7806,18164,竹東鎮二重里
20200128 11:21,121.0615,24.7721,18181,竹東鎮三重里
20200128 11:22,121.0541,24.7841,18183,竹東鎮二重里
20200128 11:22,121.0503,24.7882,18184,竹東鎮員山里
20200128 11:23,121.0383,24.7938,18208,竹東鎮員山里
20200128 11:23,121.0432,24.7915,18212,竹東鎮員山里
20200128 11:24,121.0256,24.7993,18214,竹東鎮員山里
20200128 11:24,121.0325,24.7962,18215,竹東鎮員山里
20200128 11:25,121.0146,24.8070,18219,東區千甲里
20200128 11:25,121.0216,24.8015,18223,東區新莊里
20200128 11:25,121.0167,24.8056,18231,東區千甲里
20200128 11:26,121.0128,24.8084,18237,東區千甲里
20200128 11:26,121.0078,24.8123,18238,東區水源里
20200128 11:27,121.0015,24.8164,18244,東區水源里
20200128 11:28,120.9971,24.8247,18254,竹北市新崙里
20200128 11:30,121.0023,24.8274,18263,竹北市斗崙里
20200128 11:31,121.0036,24.8308,18272,竹北市北崙里
20200128 11:33,121.0058,24.8326,18297,竹北市北崙里
20200128 11:34,121.0108,24.8314,18309,竹北市文化里
20200128 12:12,121.0137,24.8350,18417,竹北市竹仁里
20200128 13:11,121.0106,24.8285,18628,竹北市北崙里
20200128 13:13,121.0139,24.8248,18647,竹北市斗崙里
20200128 13:17,121.0214,24.8221,18663,竹北市十興里
20200128 13:17,121.0263,24.8203,18666,竹北市十興里
20200128 13:20,121.0306,24.8190,18673,竹北市東興里
20200128 13:22,121.0334,24.8163,18675,竹北市東興里
20200128 13:23,121.0370,24.8111,18679,竹北市東興里
20200128 13:23,121.0377,24.8065,18689,竹北市隘口里
20200128 13:23,121.0326,24.8150,18691,竹北市東興里
20200128 13:24,121.0403,24.8060,18696,竹北市隘口里
20200128 13:25,121.0403,24.8104,18699,竹北市東興里
20200128 13:30,121.0307,24.8174,18708,竹北市中興里
20200128 13:30,121.0222,24.8186,18714,竹北市鹿場里
20200128 13:34,121.0181,24.8127,18722,竹北市鹿場里
20200128 13:35,121.0097,24.8040,18725,東區千甲里
20200128 13:35,121.0097,24.7972,18736,東區埔頂里
20200128 13:36,121.0061,24.7909,18741,東區龍山里
20200128 13:38,120.9917,24.7660,18742,寶山鄉雙溪村
20200128 13:39,120.9803,24.7580,18747,寶山鄉雙新村
20200128 13:39,120.9946,24.7617,18748,寶山鄉雙溪村
20200128 13:39,120.9802,24.7515,18749,寶山鄉新城村
20200128 13:39,120.9803,24.7580,18750,寶山鄉雙新村
20200128 13:39,120.9865,24.7630,18752,寶山鄉雙新村
20200128 13:39,120.9933,24.7624,18753,寶山鄉雙溪村
20200128 13:39,120.9817,24.7591,18756,寶山鄉雙新村
20200128 13:43,120.9177,24.7450,18761,香山區內湖里
20200128 13:43,120.9246,24.7452,18762,香山區大湖里
20200128 13:44,120.8903,24.7118,18772,竹南鎮大埔里
20200128 13:44,120.9086,24.7339,18774,竹南鎮公義里
20200128 13:44,120.9037,24.7115,18775,竹南鎮大埔里
20200128 13:44,120.8903,24.7118,18776,竹南鎮大埔里
20200128 13:44,120.9094,24.7345,18777,竹南鎮公義里
20200128 13:44,120.9037,24.7115,18780,竹南鎮大埔里
20200128 13:44,120.8876,24.7080,18781,竹南鎮大埔里
20200128 13:44,120.9094,24.7345,18783,竹南鎮公義里
20200128 13:44,120.8889,24.7119,18786,竹南鎮崎頂里
20200128 13:45,120.9102,24.7294,18788,竹南鎮公義里
20200128 13:45,120.9053,24.7265,18789,竹南鎮公義里
20200128 13:49,120.8473,24.6794,18792,竹南鎮海口里
20200128 13:50,120.8422,24.6762,18795,竹南鎮海口里
20200128 13:56,120.7837,24.5949,18798,後龍鎮龍坑里
20200128 13:56,120.7864,24.5993,18799,後龍鎮龍坑里
20200128 13:59,120.7567,24.5563,18804,西湖鄉三湖村
20200128 14:00,120.7520,24.5557,18808,西湖鄉三湖村
20200128 14:05,120.6954,24.4702,18809,通霄鎮梅南里
20200128 14:15,120.6335,24.3339,18810,外埔區水美里
20200128 14:15,120.6431,24.3387,18811,外埔區大東里
20200128 14:15,120.6393,24.3454,18812,外埔區大東里
20200128 14:19,120.6021,24.2947,18814,清水區楊厝里
20200128 14:26,120.5975,24.2822,18817,清水區吳厝里
20200128 14:27,120.5950,24.2765,18820,清水區吳厝里
20200128 14:29,120.5989,24.2598,18822,沙鹿區西勢里
20200128 14:30,120.5827,24.2518,18824,沙鹿區西勢里
20200128 14:30,120.5884,24.2594,18825,沙鹿區西勢里
20200128 14:36,120.5526,24.1858,18827,龍井區竹坑里
20200128 14:37,120.5438,24.1806,18839,龍井區竹坑里
20200128 14:37,120.5406,24.1722,18843,龍井區竹坑里
20200128 14:38,120.5206,24.1429,18846,和美鎮地潭里
20200128 14:38,120.5239,24.1576,18847,大肚區永順里
20200128 14:38,120.5317,24.1650,18848,大肚區永順里
20200128 14:40,120.5214,24.1406,18851,和美鎮嘉寶里
20200128 14:40,120.5237,24.1352,18852,和美鎮嘉寶里
20200128 14:47,120.5249,24.0593,18860,彰化市向陽里
20200128 14:47,120.5237,24.0531,18861,彰化市南美里
20200128 14:51,120.5076,23.9987,18863,秀水鄉下崙村
20200128 14:51,120.5100,23.9945,18864,秀水鄉下崙村
20200128 14:57,120.4940,23.9553,18865,溪湖鎮東溪里
20200128 15:00,120.4766,23.9593,18868,溪湖鎮湖西里
20200128 15:03,120.4695,23.9592,18869,溪湖鎮大突里
20200128 15:04,120.4635,23.9589,18870,溪湖鎮北勢里
20200128 15:05,120.4617,23.9539,18872,溪湖鎮河東里
20200128 15:39,120.4621,23.9567,18879,溪湖鎮田中里
20200129 11:06,120.4611,23.9497,19136,溪湖鎮河東里
20200129 11:07,120.4622,23.9463,19145,溪湖鎮河東里
20200129 11:08,120.4610,23.9390,19154,溪湖鎮河東里
20200129 11:08,120.4557,23.9456,19155,溪湖鎮河東里
20200129 11:08,120.4564,23.9403,19158,溪湖鎮河東里
20200129 11:09,120.4652,23.9240,19167,埤頭鄉豊崙村
20200129 11:11,120.4741,23.9209,19169,埤頭鄉興農村
20200129 11:12,120.467,23.9144,19171,埤頭鄉豊崙村
20200129 11:12,120.4729,23.9183,19172,埤頭鄉豊崙村
20200129 11:13,120.4759,23.9105,19177,埤頭鄉興農村
20200129 11:13,120.4698,23.9119,19196,埤頭鄉興農村
20200129 11:14,120.4861,23.9043,19201,田尾鄉仁里村
20200129 11:15,120.4861,23.9014,19203,田尾鄉仁里村
20200129 11:15,120.4921,23.8854,19204,埤頭鄉和豊村
20200129 11:17,120.4964,23.8980,19206,田尾鄉溪頂村
20200129 11:17,120.5006,23.8917,19209,北斗鎮中寮里
20200129 11:19,120.4916,23.8833,19210,埤頭鄉和豊村
20200129 11:21,120.4932,23.8852,19212,埤頭鄉和豊村
20200129 11:21,120.4909,23.8767,19220,埤頭鄉元埔村
20200129 11:22,120.4879,23.8802,19222,埤頭鄉和豊村
20200129 11:22,120.4881,23.8542,19237,溪州鄉瓦厝村
20200129 11:22,120.4903,23.8774,19239,埤頭鄉元埔村
20200129 11:27,120.4833,23.8043,19240,西螺鎮大新里
20200129 11:35,120.4627,23.6819,19242,斗南鎮大東里
20200129 11:35,120.4706,23.6869,19243,斗南鎮小東里
20200129 11:37,120.4478,23.6520,19248,大埤鄉嘉興村
20200129 11:37,120.4451,23.6458,19253,大埤鄉嘉興村
20200129 11:37,120.4490,23.6543,19257,大埤鄉嘉興村
20200129 11:37,120.4449,23.6491,19258,大埤鄉嘉興村
20200129 11:38,120.4416,23.6348,19273,大埤鄉松竹村
20200129 11:38,120.4416,23.6405,19274,大埤鄉尚義村
20200129 11:38,120.4452,23.6454,19283,大埤鄉嘉興村
20200129 11:38,120.4422,23.6367,19284,大埤鄉松竹村
20200129 11:41,120.4410,23.6108,19286,大林鎮明和里
20200129 11:41,120.4451,23.6064,19287,大林鎮明和里
20200129 11:42,120.4466,23.6016,19297,大林鎮明華里
20200129 11:43,120.4496,23.5989,19301,大林鎮平林里
20200129 11:43,120.4571,23.6001,19302,大林鎮平林里
20200129 11:46,120.4565,23.5971,19303,大林鎮平林里
20200129 11:52,120.4588,23.5766,19306,民雄鄉豊收村
20200129 12:24,120.4740,23.5582,19324,民雄鄉三興村
20200129 12:58,120.4723,23.5558,19336,民雄鄉三興村
