phone,imsi,x,y,time,staytime
0988247686,466924160236254,121.0858,24.5973,2020/01/28 00:00:00,905.0
0988247686,466924160236254,121.082,24.5979,2020/01/28 00:15:05,2349.0
0988247686,466924160236254,121.0912,24.5969,2020/01/28 00:54:14,2336.0
0988247686,466924160236254,121.0851,24.5989,2020/01/28 01:33:10,1326.0
0988247686,466924160236254,121.0785,24.6003,2020/01/28 01:55:16,3763.0
0988247686,466924160236254,121.0867,24.5982,2020/01/28 02:57:59,1008.0
0988247686,466924160236254,121.0932,24.5975,2020/01/28 03:14:47,4360.0
0988247686,466924160236254,121.0972,24.5971,2020/01/28 04:27:27,1015.0
0988247686,466924160236254,121.1007,24.5969,2020/01/28 04:44:22,1013.0
0988247686,466924160236254,121.1049,24.5981,2020/01/28 05:01:15,7599.0
0988247686,466924160236254,121.1093,24.5989,2020/01/28 07:07:54,1627.0
0988247686,466924160236254,121.1047,24.5953,2020/01/28 07:35:01,1087.0
0988247686,466924160236254,121.1083,24.6075,2020/01/28 07:53:08,431.0
0988247686,466924160236254,121.1065,24.6128,2020/01/28 08:00:19,102.0
0988247686,466924160236254,121.1019,24.5986,2020/01/28 08:02:01,780.0
0988247686,466924160236254,121.1021,24.5928,2020/01/28 08:15:01,474.0
0988247686,466924160236254,121.1185,24.6104,2020/01/28 08:22:55,27.0
0988247686,466924160236254,121.1245,24.6265,2020/01/28 08:23:22,153.0
0988247686,466924160236254,121.1421,24.6467,2020/01/28 08:25:55,60.0
0988247686,466924160236254,121.1472,24.6539,2020/01/28 08:26:55,129.0
0988247686,466924160236254,121.1604,24.6613,2020/01/28 08:29:04,8.0
0988247686,466924160236254,121.1476,24.6514,2020/01/28 08:29:12,14.0
0988247686,466924160236254,121.1353,24.6368,2020/01/28 08:29:26,318.0
0988247686,466924160236254,121.1189,24.6175,2020/01/28 08:34:44,51.0
0988247686,466924160236254,121.1138,24.6093,2020/01/28 08:35:35,117.0
0988247686,466924160236254,121.1087,24.6055,2020/01/28 08:37:32,60.0
0988247686,466924160236254,121.1040,24.6031,2020/01/28 08:38:32,932.0
0988247686,466924160236254,121.1020,24.5993,2020/01/28 08:54:04,24.0
0988247686,466924160236254,121.0927,24.6038,2020/01/28 08:54:28,217.0
0988247686,466924160236254,121.0789,24.6094,2020/01/28 08:58:05,435.0
0988247686,466924160236254,121.0800,24.6273,2020/01/28 09:05:20,19.0
0988247686,466924160236254,121.0929,24.6424,2020/01/28 09:05:39,595.0
0988247686,466924160236254,121.1146,24.6518,2020/01/28 09:15:34,71.0
0988247686,466924160236254,121.1172,24.6431,2020/01/28 09:16:45,92.0
0988247686,466924160236254,121.1180,24.6274,2020/01/28 09:18:17,120.0
0988247686,466924160236254,121.0999,24.6200,2020/01/28 09:20:17,394.0
0988247686,466924160236254,121.0960,24.6147,2020/01/28 09:26:51,196.0
0988247686,466924160236254,121.0914,24.6122,2020/01/28 09:30:07,196.0
0988247686,466924160236254,121.0881,24.6055,2020/01/28 09:33:23,171.0
0988247686,466924160236254,121.0861,24.6012,2020/01/28 09:36:14,149.0
0988247686,466924160236254,121.0953,24.5917,2020/01/28 09:38:43,82.0
0988247686,466924160236254,121.1012,24.5925,2020/01/28 09:40:05,88.0
0988247686,466924160236254,121.1016,24.5887,2020/01/28 09:41:33,62.0
0988247686,466924160236254,121.1015,24.5843,2020/01/28 09:42:35,50.0
0988247686,466924160236254,121.1040,24.5879,2020/01/28 09:43:25,14.0
0988247686,466924160236254,121.1061,24.5906,2020/01/28 09:43:39,32.0
0988247686,466924160236254,121.1040,24.5868,2020/01/28 09:44:11,9.0
0988247686,466924160236254,121.1016,24.5841,2020/01/28 09:44:20,90.0
0988247686,466924160236254,121.0987,24.5863,2020/01/28 09:45:50,25.0
0988247686,466924160236254,121.0964,24.5830,2020/01/28 09:46:15,66.0
0988247686,466924160236254,121.0968,24.5793,2020/01/28 09:47:21,178.0
0988247686,466924160236254,121.0929,24.5785,2020/01/28 09:50:19,294.0
0988247686,466924160236254,121.0971,24.5762,2020/01/28 09:55:13,216.0
0988247686,466924160236254,121.0974,24.5730,2020/01/28 09:58:49,57.0
0988247686,466924160236254,121.0959,24.5696,2020/01/28 09:59:46,320.0
0988247686,466924160236254,121.0979,24.5731,2020/01/28 10:05:06,51.0
0988247686,466924160236254,121.1017,24.5764,2020/01/28 10:05:57,191.0
0988247686,466924160236254,121.1040,24.5802,2020/01/28 10:09:08,124.0
0988247686,466924160236254,121.1049,24.5833,2020/01/28 10:11:12,133.0
0988247686,466924160236254,121.1070,24.5866,2020/01/28 10:13:25,235.0
0988247686,466924160236254,121.1071,24.5922,2020/01/28 10:17:20,55.0
0988247686,466924160236254,121.1069,24.5971,2020/01/28 10:18:15,19.0
0988247686,466924160236254,121.1063,24.6003,2020/01/28 10:18:34,34.0
0988247686,466924160236254,121.1059,24.6036,2020/01/28 10:19:08,179.0
0988247686,466924160236254,121.1065,24.6089,2020/01/28 10:22:07,41.0
0988247686,466924160236254,121.1055,24.6124,2020/01/28 10:22:48,108.0
0988247686,466924160236254,121.1032,24.6159,2020/01/28 10:24:36,37.0
0988247686,466924160236254,121.1051,24.6192,2020/01/28 10:25:13,64.0
0988247686,466924160236254,121.1077,24.6240,2020/01/28 10:26:17,128.0
0988247686,466924160236254,121.1051,24.6265,2020/01/28 10:28:25,95.0
0988247686,466924160236254,121.1085,24.6282,2020/01/28 10:30:00,161.0
0988247686,466924160236254,121.1137,24.6288,2020/01/28 10:32:41,106.0
0988247686,466924160236254,121.1172,24.6296,2020/01/28 10:34:27,712.0
0988247686,466924160236254,121.1209,24.6332,2020/01/28 10:46:19,119.0
0988247686,466924160236254,121.1226,24.6364,2020/01/28 10:48:18,55.0
0988247686,466924160236254,121.1231,24.6397,2020/01/28 10:49:13,112.0
0988247686,466924160236254,121.1241,24.6438,2020/01/28 10:51:05,31.0
0988247686,466924160236254,121.1239,24.6484,2020/01/28 10:51:36,63.0
0988247686,466924160236254,121.1200,24.6545,2020/01/28 10:52:39,141.0
0988247686,466924160236254,121.1137,24.6611,2020/01/28 10:55:00,285.0
0988247686,466924160236254,121.1064,24.6715,2020/01/28 10:59:45,52.0
0988247686,466924160236254,121.1022,24.6808,2020/01/28 11:00:37,381.0
0988247686,466924160236254,121.0994,24.6902,2020/01/28 11:06:58,16.0
0988247686,466924160236254,121.0981,24.6959,2020/01/28 11:07:14,92.0
0988247686,466924160236254,121.0977,24.7014,2020/01/28 11:08:46,36.0
0988247686,466924160236254,121.0977,24.7064,2020/01/28 11:09:22,10.0
0988247686,466924160236254,121.0976,24.7101,2020/01/28 11:09:32,21.0
0988247686,466924160236254,121.0973,24.7134,2020/01/28 11:09:53,111.0
0988247686,466924160236254,121.0970,24.7183,2020/01/28 11:11:44,95.0
0988247686,466924160236254,121.0970,24.7241,2020/01/28 11:13:19,65.0
0988247686,466924160236254,121.0961,24.7282,2020/01/28 11:14:24,98.0
0988247686,466924160236254,121.0933,24.7335,2020/01/28 11:16:02,17.0
0988247686,466924160236254,121.0911,24.7377,2020/01/28 11:16:19,56.0
0988247686,466924160236254,121.0883,24.7414,2020/01/28 11:17:15,8.0
0988247686,466924160236254,121.0851,24.7456,2020/01/28 11:17:23,26.0
0988247686,466924160236254,121.0823,24.7482,2020/01/28 11:17:49,17.0
0988247686,466924160236254,121.0798,24.7508,2020/01/28 11:18:06,26.0
0988247686,466924160236254,121.0757,24.7539,2020/01/28 11:18:32,11.0
0988247686,466924160236254,121.0725,24.7555,2020/01/28 11:18:43,127.0
0988247686,466924160236254,121.0680,24.7605,2020/01/28 11:20:50,3.0
0988247686,466924160236254,121.0637,24.7670,2020/01/28 11:20:53,28.0
0988247686,466924160236254,121.0582,24.7756,2020/01/28 11:21:21,23.0
0988247686,466924160236254,121.0536,24.7813,2020/01/28 11:21:44,63.0
0988247686,466924160236254,121.0492,24.7859,2020/01/28 11:22:47,11.0
0988247686,466924160236254,121.0459,24.7886,2020/01/28 11:22:58,29.0
0988247686,466924160236254,121.0427,24.7908,2020/01/28 11:23:27,19.0
0988247686,466924160236254,121.0340,24.7968,2020/01/28 11:23:46,18.0
0988247686,466924160236254,121.0256,24.8046,2020/01/28 11:24:04,115.0
0988247686,466924160236254,121.0159,24.8131,2020/01/28 11:25:59,298.0
0988247686,466924160236254,121.0104,24.8208,2020/01/28 11:30:57,7.0
0988247686,466924160236254,121.0075,24.8250,2020/01/28 11:31:04,71.0
0988247686,466924160236254,121.0077,24.8296,2020/01/28 11:32:15,839.0
0988247686,466924160236254,121.0107,24.8319,2020/01/28 11:46:14,5144.0
0988247686,466924160236254,121.0107,24.8287,2020/01/28 13:11:58,121.0
0988247686,466924160236254,121.0133,24.8256,2020/01/28 13:13:59,97.0
0988247686,466924160236254,121.0173,24.8234,2020/01/28 13:15:36,93.0
0988247686,466924160236254,121.0212,24.8220,2020/01/28 13:17:09,76.0
0988247686,466924160236254,121.0262,24.8200,2020/01/28 13:18:25,132.0
0988247686,466924160236254,121.0298,24.8173,2020/01/28 13:20:37,57.0
0988247686,466924160236254,121.0331,24.8144,2020/01/28 13:21:34,83.0
0988247686,466924160236254,121.0345,24.8098,2020/01/28 13:22:57,35.0
0988247686,466924160236254,121.0355,24.8058,2020/01/28 13:23:32,135.0
0988247686,466924160236254,121.0386,24.8074,2020/01/28 13:25:47,890.0
0988247686,466924160236254,121.0421,24.8073,2020/01/28 13:40:37,35.0
0988247686,466924160236254,121.0473,24.8122,2020/01/28 13:41:12,7.0
0988247686,466924160236254,121.0514,24.8193,2020/01/28 13:41:19,3.0
0988247686,466924160236254,121.0576,24.8275,2020/01/28 13:41:22,39.0
0988247686,466924160236254,121.0652,24.8444,2020/01/28 13:42:01,16.0
0988247686,466924160236254,121.0699,24.8589,2020/01/28 13:42:17,68.0
0988247686,466924160236254,121.0734,24.8748,2020/01/28 13:43:25,11.0
0988247686,466924160236254,121.0750,24.8830,2020/01/28 13:43:36,12.0
0988247686,466924160236254,121.0772,24.8897,2020/01/28 13:43:48,2.0
0988247686,466924160236254,121.0801,24.8959,2020/01/28 13:43:50,6.0
0988247686,466924160236254,121.0843,24.9035,2020/01/28 13:43:56,24.0
0988247686,466924160236254,121.0895,24.9124,2020/01/28 13:44:20,15.0
0988247686,466924160236254,121.1015,24.9235,2020/01/28 13:44:35,25.0
0988247686,466924160236254,121.1175,24.9357,2020/01/28 13:45:00,53.0
0988247686,466924160236254,121.1375,24.9476,2020/01/28 13:45:53,30.0
0988247686,466924160236254,121.1533,24.9583,2020/01/28 13:46:23,20.0
0988247686,466924160236254,121.1661,24.9671,2020/01/28 13:46:43,22.0
0988247686,466924160236254,121.1758,24.9759,2020/01/28 13:47:05,10.0
0988247686,466924160236254,121.1826,24.9816,2020/01/28 13:47:15,13.0
0988247686,466924160236254,121.1877,24.9863,2020/01/28 13:47:28,7.0
0988247686,466924160236254,121.1964,24.9946,2020/01/28 13:47:35,5.0
0988247686,466924160236254,121.2058,25.0041,2020/01/28 13:47:40,320.0
0988247686,466924160236254,121.2163,25.0146,2020/01/28 13:53:00,13.0
0988247686,466924160236254,121.2219,25.0203,2020/01/28 13:53:13,20.0
0988247686,466924160236254,121.2259,25.0246,2020/01/28 13:53:33,3.0
0988247686,466924160236254,121.2296,25.0279,2020/01/28 13:53:36,3.0
0988247686,466924160236254,121.2332,25.0311,2020/01/28 13:53:39,11.0
0988247686,466924160236254,121.2372,25.0344,2020/01/28 13:53:50,9.0
0988247686,466924160236254,121.2402,25.0374,2020/01/28 13:53:59,7.0
0988247686,466924160236254,121.2427,25.0397,2020/01/28 13:54:06,8.0
0988247686,466924160236254,121.2454,25.0423,2020/01/28 13:54:14,5.0
0988247686,466924160236254,121.2484,25.0447,2020/01/28 13:54:19,10.0
0988247686,466924160236254,121.2518,25.0473,2020/01/28 13:54:29,21.0
0988247686,466924160236254,121.2582,25.0503,2020/01/28 13:54:50,4.0
0988247686,466924160236254,121.2650,25.0527,2020/01/28 13:54:54,28.0
0988247686,466924160236254,121.2732,25.0554,2020/01/28 13:55:22,4.0
0988247686,466924160236254,121.2786,25.0564,2020/01/28 13:55:26,9.0
0988247686,466924160236254,121.2837,25.0574,2020/01/28 13:55:35,8.0
0988247686,466924160236254,121.2868,25.0559,2020/01/28 13:55:43,5.0
0988247686,466924160236254,121.2900,25.0538,2020/01/28 13:55:48,36.0
0988247686,466924160236254,121.2987,25.0504,2020/01/28 13:56:24,9.0
0988247686,466924160236254,121.3095,25.0481,2020/01/28 13:56:33,37.0
0988247686,466924160236254,121.3271,25.0423,2020/01/28 13:57:10,25.0
0988247686,466924160236254,121.3451,25.0339,2020/01/28 13:57:35,58.0
0988247686,466924160236254,121.3682,25.0234,2020/01/28 13:58:33,59.0
0988247686,466924160236254,121.3872,25.0157,2020/01/28 13:59:32,67.0
0988247686,466924160236254,121.4022,25.0105,2020/01/28 14:00:39,9.0
0988247686,466924160236254,121.4121,25.0076,2020/01/28 14:00:48,9.0
0988247686,466924160236254,121.4194,25.0061,2020/01/28 14:00:57,16.0
0988247686,466924160236254,121.4247,25.0058,2020/01/28 14:01:13,6.0
0988247686,466924160236254,121.4288,25.0050,2020/01/28 14:01:19,3.0
0988247686,466924160236254,121.4323,25.0048,2020/01/28 14:01:22,19.0
0988247686,466924160236254,121.4391,25.0053,2020/01/28 14:01:41,3.0
0988247686,466924160236254,121.4454,25.0075,2020/01/28 14:01:44,15.0
0988247686,466924160236254,121.4523,25.0096,2020/01/28 14:01:59,223.0
0988247686,466924160236254,121.4579,25.0122,2020/01/28 14:05:42,753.0
0988247686,466924160236254,121.4590,25.0092,2020/01/28 14:18:15,354.0
0988247686,466924160236254,121.4563,25.0066,2020/01/28 14:24:09,88055.0
0988247686,466924160236254,121.4598,25.0088,2020/01/29 14:51:44,183.0
0988247686,466924160236254,121.4649,25.0131,2020/01/29 14:54:47,95.0
0988247686,466924160236254,121.4705,25.0171,2020/01/29 14:56:22,40.0
0988247686,466924160236254,121.4742,25.0209,2020/01/29 14:57:02,33.0
0988247686,466924160236254,121.4773,25.0233,2020/01/29 14:57:35,97.0
0988247686,466924160236254,121.4819,25.0259,2020/01/29 14:59:12,48.0
0988247686,466924160236254,121.4871,25.0264,2020/01/29 15:00:00,11.0
0988247686,466924160236254,121.4920,25.0278,2020/01/29 15:00:11,7.0
0988247686,466924160236254,121.4966,25.0300,2020/01/29 15:00:18,196.0
0988247686,466924160236254,121.5012,25.0324,2020/01/29 15:03:34,34.0
0988247686,466924160236254,121.5055,25.0349,2020/01/29 15:04:08,74.0
0988247686,466924160236254,121.5094,25.0354,2020/01/29 15:05:22,39.0
0988247686,466924160236254,121.5142,25.0346,2020/01/29 15:06:01,116.0
0988247686,466924160236254,121.5201,25.0340,2020/01/29 15:07:57,12.0
0988247686,466924160236254,121.5241,25.0337,2020/01/29 15:08:09,188.0
0988247686,466924160236254,121.5288,25.0335,2020/01/29 15:11:17,11.0
0988247686,466924160236254,121.5333,25.0334,2020/01/29 15:11:28,31.0
0988247686,466924160236254,121.5381,25.0333,2020/01/29 15:11:59,105.0
0988247686,466924160236254,121.5420,25.0334,2020/01/29 15:13:44,517.0
0988247686,466924160236254,121.5459,25.0332,2020/01/29 15:22:21,12200.0
0988247686,466924160236254,121.5498,25.0335,2020/01/29 18:45:41,157.0
0988247686,466924160236254,121.5535,25.0333,2020/01/29 18:48:18,10.0
0988247686,466924160236254,121.5575,25.0330,2020/01/29 18:48:28,129.0
0988247686,466924160236254,121.5610,25.0327,2020/01/29 18:50:37,169.0
0988247686,466924160236254,121.5654,25.0348,2020/01/29 18:53:26,145.0
0988247686,466924160236254,121.5437,25.0290,2020/01/29 18:55:51,110.0
0988247686,466924160236254,121.5177,25.0221,2020/01/29 18:57:41,16363.0
0988247686,466924160236254,121.4865,25.0130,2020/01/29 23:30:24,1965.0
0988247686,466924160236254,121.4755,25.0105,2020/01/30 00:03:09,283.0
0988247686,466924160236254,121.4668,25.0082,2020/01/30 00:07:52,398.0
0988247686,466924160236254,121.4624,25.0074,2020/01/30 00:14:30,2799.0
0988247686,466924160236254,121.4594,25.0051,2020/01/30 01:01:09,20874.0
0988247686,466924160236254,121.4557,25.0047,2020/01/30 06:49:03,3996.0
0988247686,466924160236254,121.4600,25.0124,2020/01/30 07:55:39,25.0
0988247686,466924160236254,121.4640,25.0179,2020/01/30 07:56:04,263.0
0988247686,466924160236254,121.4698,25.0243,2020/01/30 08:00:27,125.0
0988247686,466924160236254,121.4743,25.0287,2020/01/30 08:02:32,80.0
0988247686,466924160236254,121.4786,25.0316,2020/01/30 08:03:52,20.0
0988247686,466924160236254,121.4822,25.0326,2020/01/30 08:04:12,5.0
0988247686,466924160236254,121.4860,25.0333,2020/01/30 08:04:17,42.0
0988247686,466924160236254,121.4912,25.0355,2020/01/30 08:04:59,58.0
0988247686,466924160236254,121.4950,25.0382,2020/01/30 08:05:57,34.0
0988247686,466924160236254,121.4992,25.0416,2020/01/30 08:06:31,14.0
0988247686,466924160236254,121.5034,25.0451,2020/01/30 08:06:45,242.0
0988247686,466924160236254,121.5083,25.0492,2020/01/30 08:10:47,46.0
0988247686,466924160236254,121.5132,25.0522,2020/01/30 08:11:33,148.0
0988247686,466924160236254,121.5198,25.0528,2020/01/30 08:14:01,3.0
0988247686,466924160236254,121.5251,25.0524,2020/01/30 08:14:04,144.0
0988247686,466924160236254,121.5327,25.0521,2020/01/30 08:16:28,86.0
0988247686,466924160236254,121.5390,25.0519,2020/01/30 08:17:54,108.0
0988247686,466924160236254,121.5446,25.0518,2020/01/30 08:19:42,13.0
0988247686,466924160236254,121.5486,25.0517,2020/01/30 08:19:55,74.0
0988247686,466924160236254,121.5550,25.0518,2020/01/30 08:21:09,71.0
0988247686,466924160236254,121.5617,25.0516,2020/01/30 08:22:20,111.0
0988247686,466924160236254,121.5675,25.0516,2020/01/30 08:24:11,12.0
0988247686,466924160236254,121.5712,25.0522,2020/01/30 08:24:23,69.0
0988247686,466924160236254,121.5741,25.0550,2020/01/30 08:25:32,280.0
0988247686,466924160236254,121.5701,25.0516,2020/01/30 08:30:12,158.0
0988247686,466924160236254,121.5671,25.0488,2020/01/30 08:32:50,104.0
0988247686,466924160236254,121.5637,25.0473,2020/01/30 08:34:34,104.0
0988247686,466924160236254,121.5582,25.0460,2020/01/30 08:36:18,55.0
0988247686,466924160236254,121.5553,25.0432,2020/01/30 08:37:13,15.0
0988247686,466924160236254,121.5522,25.0400,2020/01/30 08:37:28,199.0
0988247686,466924160236254,121.5505,25.0361,2020/01/30 08:40:47,164.0
0988247686,466924160236254,121.5479,25.0338,2020/01/30 08:43:31,13118.0
0988247686,466924160236254,121.5444,25.0329,2020/01/30 12:22:09,26137.0
0988247686,466924160236254,121.5487,25.0331,2020/01/30 19:37:46,142.0
0988247686,466924160236254,121.5528,25.0326,2020/01/30 19:40:08,51.0
0988247686,466924160236254,121.5564,25.0330,2020/01/30 19:40:59,187.0
0988247686,466924160236254,121.5602,25.0344,2020/01/30 19:44:06,213.0
0988247686,466924160236254,121.5649,25.0351,2020/01/30 19:47:39,1660.0
0988247686,466924160236254,121.5617,25.0329,2020/01/30 20:15:19,241.0
0988247686,466924160236254,121.5572,25.0326,2020/01/30 20:19:20,122.0
0988247686,466924160236254,121.5534,25.0327,2020/01/30 20:21:22,95.0
0988247686,466924160236254,121.5496,25.0332,2020/01/30 20:22:57,4867.0
0988247686,466924160236254,121.5467,25.0352,2020/01/30 21:44:04,26.0
0988247686,466924160236254,121.5435,25.0367,2020/01/30 21:44:30,30.0
0988247686,466924160236254,121.5383,25.0373,2020/01/30 21:45:00,87.0
0988247686,466924160236254,121.5323,25.0379,2020/01/30 21:46:27,138.0
0988247686,466924160236254,121.5253,25.0367,2020/01/30 21:48:45,6.0
0988247686,466924160236254,121.5199,25.0350,2020/01/30 21:48:51,112.0
0988247686,466924160236254,121.5147,25.0325,2020/01/30 21:50:43,15.0
0988247686,466924160236254,121.5113,25.0312,2020/01/30 21:50:58,24.0
0988247686,466924160236254,121.5061,25.0301,2020/01/30 21:51:22,33.0
0988247686,466924160236254,121.5008,25.0294,2020/01/30 21:51:55,128.0
0988247686,466924160236254,121.4953,25.0287,2020/01/30 21:54:03,8.0
0988247686,466924160236254,121.4917,25.0283,2020/01/30 21:54:11,26.0
0988247686,466924160236254,121.4882,25.0279,2020/01/30 21:54:37,36.0
0988247686,466924160236254,121.4825,25.0267,2020/01/30 21:55:13,40.0
0988247686,466924160236254,121.4762,25.0227,2020/01/30 21:55:53,64.0
0988247686,466924160236254,121.4699,25.0177,2020/01/30 21:56:57,338.0
0988247686,466924160236254,121.4638,25.0121,2020/01/30 22:02:35,143.0
0988247686,466924160236254,121.4589,25.0088,2020/01/30 22:04:58,293.0
0988247686,466924160236254,121.4566,25.0063,2020/01/30 22:09:51,35177.0
0988247686,466924160236254,121.4615,25.0121,2020/01/31 07:56:08,26.0
0988247686,466924160236254,121.4635,25.0157,2020/01/31 07:56:34,14.0
0988247686,466924160236254,121.4655,25.0188,2020/01/31 07:56:48,10.0
0988247686,466924160236254,121.4699,25.0234,2020/01/31 07:56:58,237.0
0988247686,466924160236254,121.4766,25.0287,2020/01/31 08:00:55,79.0
0988247686,466924160236254,121.4831,25.0323,2020/01/31 08:02:14,90.0
0988247686,466924160236254,121.4885,25.0352,2020/01/31 08:03:44,5.0
0988247686,466924160236254,121.4925,25.0376,2020/01/31 08:03:49,113.0
0988247686,466924160236254,121.4959,25.0398,2020/01/31 08:05:42,26.0
0988247686,466924160236254,121.4994,25.0432,2020/01/31 08:06:08,14.0
0988247686,466924160236254,121.5036,25.0471,2020/01/31 08:06:22,187.0
0988247686,466924160236254,121.5069,25.0510,2020/01/31 08:09:29,9.0
0988247686,466924160236254,121.5150,25.0523,2020/01/31 08:09:38,258.0
0988247686,466924160236254,121.5211,25.0524,2020/01/31 08:13:56,84.0
0988247686,466924160236254,121.5261,25.0523,2020/01/31 08:15:20,21.0
0988247686,466924160236254,121.5304,25.0521,2020/01/31 08:15:41,48.0
0988247686,466924160236254,121.5357,25.0518,2020/01/31 08:16:29,82.0
0988247686,466924160236254,121.5419,25.0517,2020/01/31 08:17:51,70.0
0988247686,466924160236254,121.5472,25.0515,2020/01/31 08:19:01,102.0
0988247686,466924160236254,121.5512,25.0520,2020/01/31 08:20:43,22.0
0988247686,466924160236254,121.5569,25.0533,2020/01/31 08:21:05,15.0
0988247686,466924160236254,121.5628,25.0543,2020/01/31 08:21:20,401.0
0988247686,466924160236254,121.5687,25.0548,2020/01/31 08:28:01,192.0
0988247686,466924160236254,121.5714,25.0524,2020/01/31 08:31:13,72.0
0988247686,466924160236254,121.5660,25.0515,2020/01/31 08:32:25,118.0
0988247686,466924160236254,121.5606,25.0498,2020/01/31 08:34:23,92.0
0988247686,466924160236254,121.5574,25.0463,2020/01/31 08:35:55,41.0
0988247686,466924160236254,121.5529,25.0422,2020/01/31 08:36:36,154.0
0988247686,466924160236254,121.5501,25.0390,2020/01/31 08:39:10,41.0
0988247686,466924160236254,121.5490,25.0348,2020/01/31 08:39:51,43009.0
0988247686,466924160236254,121.5456,25.0330,2020/01/31 20:36:40,273.0
0988247686,466924160236254,121.5388,25.0334,2020/01/31 20:41:13,358.0
0988247686,466924160236254,121.5327,25.0335,2020/01/31 20:47:11,99.0
0988247686,466924160236254,121.5257,25.0339,2020/01/31 20:48:50,92.0
0988247686,466924160236254,121.5189,25.0357,2020/01/31 20:50:22,220.0
0988247686,466924160236254,121.5125,25.0365,2020/01/31 20:54:02,129.0
0988247686,466924160236254,121.5022,25.0359,2020/01/31 20:56:11,187.0
0988247686,466924160236254,121.4908,25.0323,2020/01/31 20:59:18,186.0
0988247686,466924160236254,121.4802,25.0290,2020/01/31 21:02:24,147.0
0988247686,466924160236254,121.4748,25.0260,2020/01/31 21:04:51,102.0
0988247686,466924160236254,121.4704,25.0229,2020/01/31 21:06:33,6.0
0988247686,466924160236254,121.4668,25.0188,2020/01/31 21:06:39,25.0
0988247686,466924160236254,121.4638,25.0146,2020/01/31 21:07:04,137.0
0988247686,466924160236254,121.4617,25.0115,2020/01/31 21:09:21,203.0
0988247686,466924160236254,121.4585,25.0080,2020/01/31 21:12:44,1613.0
0988247686,466924160236254,121.4581,25.0048,2020/01/31 21:39:37,39649.0
0988247686,466924160236254,121.4595,25.0084,2020/02/01 08:40:26,240.0
0988247686,466924160236254,121.4629,25.0149,2020/02/01 08:44:26,158.0
0988247686,466924160236254,121.4655,25.0193,2020/02/01 08:47:04,21.0
0988247686,466924160236254,121.4736,25.0246,2020/02/01 08:47:25,89.0
0988247686,466924160236254,121.4837,25.0301,2020/02/01 08:48:54,138.0
0988247686,466924160236254,121.4951,25.0336,2020/02/01 08:51:12,204.0
0988247686,466924160236254,121.5030,25.0351,2020/02/01 08:54:36,436.0
0988247686,466924160236254,121.5110,25.0344,2020/02/01 09:01:52,125.0
0988247686,466924160236254,121.5192,25.0341,2020/02/01 09:03:57,202.0
0988247686,466924160236254,121.5274,25.0338,2020/02/01 09:07:19,82.0
0988247686,466924160236254,121.5337,25.0335,2020/02/01 09:08:41,103.0
0988247686,466924160236254,121.5388,25.0334,2020/02/01 09:10:24,293.0
0988247686,466924160236254,121.5424,25.0331,2020/02/01 09:15:17,8714.0
0988247686,466924160236254,121.5467,25.0326,2020/02/01 11:40:31,3624.0
0988247686,466924160236254,121.5425,25.0294,2020/02/01 12:40:55,27.0
0988247686,466924160236254,121.5390,25.0277,2020/02/01 12:41:22,30.0
0988247686,466924160236254,121.5348,25.0262,2020/02/01 12:41:52,134.0
0988247686,466924160236254,121.5282,25.0277,2020/02/01 12:44:06,54.0
0988247686,466924160236254,121.5241,25.0278,2020/02/01 12:45:00,29.0
0988247686,466924160236254,121.5204,25.0271,2020/02/01 12:45:29,37.0
0988247686,466924160236254,121.5165,25.0274,2020/02/01 12:46:06,25.0
0988247686,466924160236254,121.5118,25.0279,2020/02/01 12:46:31,269.0
0988247686,466924160236254,121.5028,25.0276,2020/02/01 12:51:00,15.0
0988247686,466924160236254,121.4919,25.0247,2020/02/01 12:51:15,180.0
0988247686,466924160236254,121.4797,25.0199,2020/02/01 12:54:15,264.0
0988247686,466924160236254,121.4707,25.0148,2020/02/01 12:58:39,111.0
0988247686,466924160236254,121.4647,25.0113,2020/02/01 13:00:30,17.0
0988247686,466924160236254,121.4609,25.0089,2020/02/01 13:00:47,39.0
0988247686,466924160236254,121.4562,25.0062,2020/02/01 13:01:26,12137.0
0988247686,466924160236254,121.4596,25.0055,2020/02/01 16:23:43,2745.0
0988247686,466924160236254,121.4562,25.0047,2020/02/01 17:09:28,3432.0
0988247686,466924160236254,121.4583,25.0093,2020/02/01 18:06:40,150.0
0988247686,466924160236254,121.4619,25.0145,2020/02/01 18:09:10,16.0
0988247686,466924160236254,121.4643,25.0180,2020/02/01 18:09:26,31.0
0988247686,466924160236254,121.4668,25.0216,2020/02/01 18:09:57,188.0
0988247686,466924160236254,121.4685,25.0243,2020/02/01 18:13:05,27.0
0988247686,466924160236254,121.4712,25.0274,2020/02/01 18:13:32,7270.0
0988247686,466924160236254,121.4689,25.0246,2020/02/01 20:14:42,284.0
0988247686,466924160236254,121.4656,25.0194,2020/02/01 20:19:26,36.0
0988247686,466924160236254,121.4612,25.0151,2020/02/01 20:20:02,14.0
0988247686,466924160236254,121.4555,25.0101,2020/02/01 20:20:16,432.0
0988247686,466924160236254,121.4496,25.0050,2020/02/01 20:27:28,41.0
0988247686,466924160236254,121.4443,25.0028,2020/02/01 20:28:09,38.0
0988247686,466924160236254,121.4388,25.0014,2020/02/01 20:28:47,132.0
0988247686,466924160236254,121.4334,25.0015,2020/02/01 20:30:59,12.0
0988247686,466924160236254,121.4296,25.0011,2020/02/01 20:31:11,166.0
0988247686,466924160236254,121.4241,25.0033,2020/02/01 20:33:57,159.0
0988247686,466924160236254,121.4202,25.0056,2020/02/01 20:36:36,271.0
0988247686,466924160236254,121.4163,25.0064,2020/02/01 20:41:07,1903.0
0988247686,466924160236254,121.4217,25.0035,2020/02/01 21:12:50,317.0
0988247686,466924160236254,121.4255,25.0015,2020/02/01 21:18:07,16.0
0988247686,466924160236254,121.4293,24.9985,2020/02/01 21:18:23,27.0
0988247686,466924160236254,121.4350,24.9965,2020/02/01 21:18:50,40.0
0988247686,466924160236254,121.4391,24.9961,2020/02/01 21:19:30,126.0
0988247686,466924160236254,121.4437,24.9963,2020/02/01 21:21:36,56.0
0988247686,466924160236254,121.4492,24.9990,2020/02/01 21:22:32,367.0
0988247686,466924160236254,121.4521,25.0026,2020/02/01 21:28:39,150.0
0988247686,466924160236254,121.4551,25.0050,2020/02/01 21:31:09,43371.0
0988247686,466924160236254,121.4616,25.0092,2020/02/02 09:34:00,144.0
0988247686,466924160236254,121.4695,25.0146,2020/02/02 09:36:24,675.0
0988247686,466924160236254,121.4798,25.0215,2020/02/02 09:47:39,45.0
0988247686,466924160236254,121.4855,25.0244,2020/02/02 09:48:24,10.0
0988247686,466924160236254,121.4905,25.0270,2020/02/02 09:48:34,27.0
0988247686,466924160236254,121.4968,25.0287,2020/02/02 09:49:01,32.0
0988247686,466924160236254,121.5043,25.0299,2020/02/02 09:49:33,322.0
0988247686,466924160236254,121.5120,25.0303,2020/02/02 09:54:55,155.0
0988247686,466924160236254,121.5178,25.0307,2020/02/02 09:57:30,19.0
0988247686,466924160236254,121.5215,25.0313,2020/02/02 09:57:49,157.0
0988247686,466924160236254,121.5268,25.0328,2020/02/02 10:00:26,36.0
0988247686,466924160236254,121.5342,25.0332,2020/02/02 10:01:02,6.0
0988247686,466924160236254,121.5388,25.0333,2020/02/02 10:01:08,259.0
0988247686,466924160236254,121.5431,25.0333,2020/02/02 10:05:27,35.0
0988247686,466924160236254,121.5466,25.0324,2020/02/02 10:06:02,8133.0
0988247686,466924160236254,121.5440,25.0287,2020/02/02 12:21:35,118.0
0988247686,466924160236254,121.5408,25.0273,2020/02/02 12:23:33,111.0
0988247686,466924160236254,121.5352,25.0265,2020/02/02 12:25:24,138.0
0988247686,466924160236254,121.5249,25.0270,2020/02/02 12:27:42,3.0
0988247686,466924160236254,121.5176,25.0276,2020/02/02 12:27:45,206.0
0988247686,466924160236254,121.5071,25.0279,2020/02/02 12:31:11,8.0
0988247686,466924160236254,121.4994,25.0280,2020/02/02 12:31:19,181.0
0988247686,466924160236254,121.4922,25.0283,2020/02/02 12:34:20,11.0
0988247686,466924160236254,121.4874,25.0279,2020/02/02 12:34:31,5.0
0988247686,466924160236254,121.4836,25.0272,2020/02/02 12:34:36,74.0
0988247686,466924160236254,121.4783,25.0244,2020/02/02 12:35:50,71.0
0988247686,466924160236254,121.4732,25.0203,2020/02/02 12:37:01,162.0
0988247686,466924160236254,121.4685,25.0166,2020/02/02 12:39:43,34.0
0988247686,466924160236254,121.4644,25.0134,2020/02/02 12:40:17,43.0
0988247686,466924160236254,121.4602,25.0095,2020/02/02 12:41:00,90.0
0988247686,466924160236254,121.4566,25.0064,2020/02/02 12:42:30,1735.0
0988247686,466924160236254,121.4584,25.0093,2020/02/02 13:11:25,368.0
0988247686,466924160236254,121.4623,25.0135,2020/02/02 13:17:33,972.0
0988247686,466924160236254,121.4655,25.0155,2020/02/02 13:33:45,175.0
0988247686,466924160236254,121.4688,25.0171,2020/02/02 13:36:40,18.0
0988247686,466924160236254,121.4717,25.0189,2020/02/02 13:36:58,30.0
0988247686,466924160236254,121.4749,25.0211,2020/02/02 13:37:28,30.0
0988247686,466924160236254,121.4789,25.0240,2020/02/02 13:37:58,32.0
0988247686,466924160236254,121.4838,25.0240,2020/02/02 13:38:30,23.0
0988247686,466924160236254,121.4886,25.0262,2020/02/02 13:38:53,48.0
0988247686,466924160236254,121.4920,25.0291,2020/02/02 13:39:41,48.0
0988247686,466924160236254,121.4949,25.0314,2020/02/02 13:40:29,42.0
0988247686,466924160236254,121.4985,25.0338,2020/02/02 13:41:11,112.0
0988247686,466924160236254,121.5026,25.0340,2020/02/02 13:43:03,104.0
0988247686,466924160236254,121.5061,25.0360,2020/02/02 13:44:47,52.0
0988247686,466924160236254,121.5077,25.0404,2020/02/02 13:45:39,34.0
0988247686,466924160236254,121.5090,25.0445,2020/02/02 13:46:13,135.0
0988247686,466924160236254,121.5104,25.0478,2020/02/02 13:48:28,136.0
0988247686,466924160236254,121.5149,25.0493,2020/02/02 13:50:44,705.0
0988247686,466924160236254,121.5184,25.0495,2020/02/02 14:02:29,29.0
0988247686,466924160236254,121.5229,25.0488,2020/02/02 14:02:58,153.0
0988247686,466924160236254,121.5296,25.0468,2020/02/02 14:05:31,49.0
0988247686,466924160236254,121.5326,25.0438,2020/02/02 14:06:20,151.0
0988247686,466924160236254,121.5349,25.0401,2020/02/02 14:08:51,88.0
0988247686,466924160236254,121.5367,25.0370,2020/02/02 14:10:19,116.0
0988247686,466924160236254,121.5401,25.0327,2020/02/02 14:12:15,298.0
0988247686,466924160236254,121.5428,25.0289,2020/02/02 14:17:13,41.0
0988247686,466924160236254,121.5527,25.0233,2020/02/02 14:17:54,195.0
0988247686,466924160236254,121.5650,25.0171,2020/02/02 14:21:09,433.0
0988247686,466924160236254,121.5793,25.0094,2020/02/02 14:28:22,90.0
0988247686,466924160236254,121.5858,25.0063,2020/02/02 14:29:52,18.0
0988247686,466924160236254,121.5906,25.0054,2020/02/02 14:30:10,16.0
0988247686,466924160236254,121.5950,25.0097,2020/02/02 14:30:26,91.0
0988247686,466924160236254,121.5997,25.0160,2020/02/02 14:31:57,82.0
0988247686,466924160236254,121.6045,25.0224,2020/02/02 14:33:19,54.0
0988247686,466924160236254,121.6074,25.0262,2020/02/02 14:34:13,4.0
0988247686,466924160236254,121.6093,25.0290,2020/02/02 14:34:17,6.0
0988247686,466924160236254,121.6167,25.0268,2020/02/02 14:34:23,4.0
0988247686,466924160236254,121.6256,25.0219,2020/02/02 14:34:27,107.0
0988247686,466924160236254,121.6358,25.0155,2020/02/02 14:36:14,126.0
0988247686,466924160236254,121.6405,25.0123,2020/02/02 14:38:20,5.0
0988247686,466924160236254,121.6441,25.0099,2020/02/02 14:38:25,7.0
0988247686,466924160236254,121.6473,25.0064,2020/02/02 14:38:32,6.0
0988247686,466924160236254,121.6508,25.0015,2020/02/02 14:38:38,78.0
0988247686,466924160236254,121.6549,24.9950,2020/02/02 14:39:56,11.0
0988247686,466924160236254,121.6587,24.9899,2020/02/02 14:40:07,47.0
0988247686,466924160236254,121.6625,24.9861,2020/02/02 14:40:54,26.0
0988247686,466924160236254,121.6673,24.9825,2020/02/02 14:41:20,15.0
0988247686,466924160236254,121.6780,24.9734,2020/02/02 14:41:35,102.0
0988247686,466924160236254,121.7046,24.9590,2020/02/02 14:43:17,184.0
0988247686,466924160236254,121.7240,24.9422,2020/02/02 14:46:21,116.0
0988247686,466924160236254,121.7441,24.9241,2020/02/02 14:48:17,195.0
0988247686,466924160236254,121.7526,24.8992,2020/02/02 14:51:32,103.0
0988247686,466924160236254,121.7684,24.8737,2020/02/02 14:53:15,300.0
0988247686,466924160236254,121.7775,24.8514,2020/02/02 14:58:15,18.0
0988247686,466924160236254,121.7804,24.8331,2020/02/02 14:58:33,8.0
0988247686,466924160236254,121.7807,24.8164,2020/02/02 14:58:41,185.0
0988247686,466924160236254,121.7797,24.8004,2020/02/02 15:01:46,12.0
0988247686,466924160236254,121.7816,24.7776,2020/02/02 15:01:58,75.0
0988247686,466924160236254,121.7841,24.7545,2020/02/02 15:03:13,275.0
0988247686,466924160236254,121.7873,24.7308,2020/02/02 15:07:48,9.0
0988247686,466924160236254,121.7885,24.7205,2020/02/02 15:07:57,2.0
0988247686,466924160236254,121.7895,24.7127,2020/02/02 15:07:59,13.0
0988247686,466924160236254,121.7901,24.7076,2020/02/02 15:08:12,9.0
0988247686,466924160236254,121.7910,24.7034,2020/02/02 15:08:21,20.0
0988247686,466924160236254,121.7919,24.7000,2020/02/02 15:08:41,13.0
0988247686,466924160236254,121.7920,24.6966,2020/02/02 15:08:54,107.0
0988247686,466924160236254,121.7895,24.6917,2020/02/02 15:10:41,63.0
0988247686,466924160236254,121.7864,24.6886,2020/02/02 15:11:44,5.0
0988247686,466924160236254,121.7840,24.6862,2020/02/02 15:11:49,82.0
0988247686,466924160236254,121.7814,24.6836,2020/02/02 15:13:11,39.0
0988247686,466924160236254,121.7786,24.6802,2020/02/02 15:13:50,98.0
0988247686,466924160236254,121.7763,24.6777,2020/02/02 15:15:28,669.0
0988247686,466924160236254,121.7751,24.6718,2020/02/02 15:26:37,197.0
0988247686,466924160236254,121.7719,24.6698,2020/02/02 15:29:54,258.0
0988247686,466924160236254,121.7700,24.6731,2020/02/02 15:34:12,3818.0
0988247686,466924160236254,121.7682,24.6773,2020/02/02 16:37:50,199.0
0988247686,466924160236254,121.7648,24.6792,2020/02/02 16:41:09,109.0
0988247686,466924160236254,121.7599,24.6804,2020/02/02 16:42:58,69.0
0988247686,466924160236254,121.7552,24.6802,2020/02/02 16:44:07,62.0
0988247686,466924160236254,121.7510,24.6819,2020/02/02 16:45:09,48.0
0988247686,466924160236254,121.7477,24.6835,2020/02/02 16:45:57,30.0
0988247686,466924160236254,121.7440,24.6848,2020/02/02 16:46:27,57.0
0988247686,466924160236254,121.7395,24.6856,2020/02/02 16:47:24,33.0
0988247686,466924160236254,121.7368,24.6879,2020/02/02 16:47:57,31.0
0988247686,466924160236254,121.7322,24.6900,2020/02/02 16:48:28,40.0
0988247686,466924160236254,121.7291,24.6928,2020/02/02 16:49:08,70.0
0988247686,466924160236254,121.7276,24.6978,2020/02/02 16:50:18,47.0
0988247686,466924160236254,121.7261,24.7017,2020/02/02 16:51:05,29.0
0988247686,466924160236254,121.7259,24.7055,2020/02/02 16:51:34,41.0
0988247686,466924160236254,121.7274,24.7088,2020/02/02 16:52:15,35.0
0988247686,466924160236254,121.7232,24.7109,2020/02/02 16:52:50,37.0
0988247686,466924160236254,121.7202,24.7145,2020/02/02 16:53:27,37.0
0988247686,466924160236254,121.7181,24.7192,2020/02/02 16:54:04,71.0
0988247686,466924160236254,121.7159,24.7237,2020/02/02 16:55:15,23.0
0988247686,466924160236254,121.7148,24.7278,2020/02/02 16:55:38,114.0
0988247686,466924160236254,121.7130,24.7333,2020/02/02 16:57:32,60.0
0988247686,466924160236254,121.7116,24.7369,2020/02/02 16:58:32,37.0
0988247686,466924160236254,121.7103,24.7409,2020/02/02 16:59:09,51.0
0988247686,466924160236254,121.7100,24.7456,2020/02/02 17:00:00,105.0
0988247686,466924160236254,121.7118,24.7494,2020/02/02 17:01:45,61.0
0988247686,466924160236254,121.7137,24.7536,2020/02/02 17:02:46,89.0
0988247686,466924160236254,121.7143,24.7589,2020/02/02 17:04:15,56.0
0988247686,466924160236254,121.7155,24.7634,2020/02/02 17:05:11,22.0
0988247686,466924160236254,121.7172,24.7663,2020/02/02 17:05:33,50.0
0988247686,466924160236254,121.7187,24.7696,2020/02/02 17:06:23,52.0
0988247686,466924160236254,121.7205,24.7731,2020/02/02 17:07:15,59.0
0988247686,466924160236254,121.7223,24.7766,2020/02/02 17:08:14,44.0
0988247686,466924160236254,121.7254,24.7801,2020/02/02 17:08:58,60.0
0988247686,466924160236254,121.7299,24.7807,2020/02/02 17:09:58,49.0
0988247686,466924160236254,121.7337,24.7805,2020/02/02 17:10:47,1014.0
0988247686,466924160236254,121.7293,24.7809,2020/02/02 17:27:41,36.0
0988247686,466924160236254,121.7254,24.7806,2020/02/02 17:28:17,44.0
0988247686,466924160236254,121.7229,24.7774,2020/02/02 17:29:01,53.0
0988247686,466924160236254,121.7209,24.7735,2020/02/02 17:29:54,1545.0
0988247686,466924160236254,121.7211,24.7698,2020/02/02 17:55:39,1186.0
0988247686,466924160236254,121.7215,24.7732,2020/02/02 18:15:25,2100.0
0988247686,466924160236254,121.7203,24.7689,2020/02/02 18:50:25,181.0
0988247686,466924160236254,121.7205,24.7722,2020/02/02 18:53:26,103.0
0988247686,466924160236254,121.7218,24.7754,2020/02/02 18:55:09,48.0
0988247686,466924160236254,121.7247,24.7793,2020/02/02 18:55:57,65.0
0988247686,466924160236254,121.7287,24.7793,2020/02/02 18:57:02,84.0
0988247686,466924160236254,121.7331,24.7753,2020/02/02 18:58:26,45.0
0988247686,466924160236254,121.7364,24.7723,2020/02/02 18:59:11,26.0
0988247686,466924160236254,121.7392,24.7699,2020/02/02 18:59:37,38.0
0988247686,466924160236254,121.7420,24.7678,2020/02/02 19:00:15,19.0
0988247686,466924160236254,121.7450,24.7655,2020/02/02 19:00:34,142.0
0988247686,466924160236254,121.7462,24.7615,2020/02/02 19:02:56,22.0
0988247686,466924160236254,121.7467,24.7582,2020/02/02 19:03:18,73.0
0988247686,466924160236254,121.7508,24.7573,2020/02/02 19:04:31,60.0
0988247686,466924160236254,121.7543,24.7561,2020/02/02 19:05:31,183.0
0988247686,466924160236254,121.7566,24.7533,2020/02/02 19:08:34,92.0
0988247686,466924160236254,121.7555,24.7499,2020/02/02 19:10:06,116.0
0988247686,466924160236254,121.7557,24.7457,2020/02/02 19:12:02,42.0
0988247686,466924160236254,121.7573,24.7425,2020/02/02 19:12:44,52.0
0988247686,466924160236254,121.7594,24.7398,2020/02/02 19:13:36,62.0
0988247686,466924160236254,121.7613,24.7370,2020/02/02 19:14:38,32.0
0988247686,466924160236254,121.7631,24.7339,2020/02/02 19:15:10,69.0
0988247686,466924160236254,121.7648,24.7308,2020/02/02 19:16:19,25.0
0988247686,466924160236254,121.7667,24.7272,2020/02/02 19:16:44,80.0
0988247686,466924160236254,121.7685,24.7233,2020/02/02 19:18:04,33.0
0988247686,466924160236254,121.7698,24.7189,2020/02/02 19:18:37,37.0
0988247686,466924160236254,121.7712,24.7138,2020/02/02 19:19:14,79.0
0988247686,466924160236254,121.7714,24.7087,2020/02/02 19:20:33,83.0
0988247686,466924160236254,121.7707,24.7053,2020/02/02 19:21:56,22.0
0988247686,466924160236254,121.7696,24.7009,2020/02/02 19:22:18,55.0
0988247686,466924160236254,121.7693,24.6976,2020/02/02 19:23:13,41.0
0988247686,466924160236254,121.7696,24.6942,2020/02/02 19:23:54,26.0
0988247686,466924160236254,121.7701,24.6910,2020/02/02 19:24:20,138.0
0988247686,466924160236254,121.7693,24.6867,2020/02/02 19:26:38,16.0
0988247686,466924160236254,121.7701,24.6834,2020/02/02 19:26:54,185.0
0988247686,466924160236254,121.7719,24.6803,2020/02/02 19:29:59,205.0
0988247686,466924160236254,121.7751,24.6779,2020/02/02 19:33:24,1135.0
0988247686,466924160236254,121.7800,24.6778,2020/02/02 19:52:19,30.0
0988247686,466924160236254,121.7836,24.6781,2020/02/02 19:52:49,71.0
0988247686,466924160236254,121.7872,24.6789,2020/02/02 19:54:00,36.0
0988247686,466924160236254,121.7911,24.6798,2020/02/02 19:54:36,126.0
0988247686,466924160236254,121.7920,24.6835,2020/02/02 19:56:42,71.0
0988247686,466924160236254,121.7921,24.6871,2020/02/02 19:57:53,98.0
0988247686,466924160236254,121.7925,24.6927,2020/02/02 19:59:31,5.0
0988247686,466924160236254,121.7920,24.6961,2020/02/02 19:59:36,39.0
0988247686,466924160236254,121.7912,24.7000,2020/02/02 20:00:15,33.0
0988247686,466924160236254,121.7903,24.7055,2020/02/02 20:00:48,14.0
0988247686,466924160236254,121.7892,24.7092,2020/02/02 20:01:02,7.0
0988247686,466924160236254,121.7881,24.7129,2020/02/02 20:01:09,8.0
0988247686,466924160236254,121.7872,24.7170,2020/02/02 20:01:17,58.0
0988247686,466924160236254,121.7855,24.7226,2020/02/02 20:02:15,6.0
0988247686,466924160236254,121.7845,24.7265,2020/02/02 20:02:21,33.0
0988247686,466924160236254,121.7836,24.7309,2020/02/02 20:02:54,10.0
0988247686,466924160236254,121.7830,24.7341,2020/02/02 20:03:04,31.0
0988247686,466924160236254,121.7815,24.7404,2020/02/02 20:03:35,34.0
0988247686,466924160236254,121.7803,24.7464,2020/02/02 20:04:09,10.0
0988247686,466924160236254,121.7797,24.7504,2020/02/02 20:04:19,22.0
0988247686,466924160236254,121.7782,24.7555,2020/02/02 20:04:41,18.0
0988247686,466924160236254,121.7779,24.7591,2020/02/02 20:04:59,3.0
0988247686,466924160236254,121.7783,24.7624,2020/02/02 20:05:02,34.0
0988247686,466924160236254,121.7785,24.7661,2020/02/02 20:05:36,26.0
0988247686,466924160236254,121.7786,24.7715,2020/02/02 20:06:02,17.0
0988247686,466924160236254,121.7786,24.7761,2020/02/02 20:06:19,22.0
0988247686,466924160236254,121.7785,24.7797,2020/02/02 20:06:41,8.0
0988247686,466924160236254,121.7791,24.7845,2020/02/02 20:06:49,34.0
0988247686,466924160236254,121.7804,24.7898,2020/02/02 20:07:23,20.0
0988247686,466924160236254,121.7814,24.7949,2020/02/02 20:07:43,22.0
0988247686,466924160236254,121.7819,24.7998,2020/02/02 20:08:05,17.0
0988247686,466924160236254,121.7821,24.8041,2020/02/02 20:08:22,25.0
0988247686,466924160236254,121.7817,24.8080,2020/02/02 20:08:47,21.0
0988247686,466924160236254,121.7824,24.8122,2020/02/02 20:09:08,26.0
0988247686,466924160236254,121.7839,24.8171,2020/02/02 20:09:34,19.0
0988247686,466924160236254,121.7849,24.8211,2020/02/02 20:09:53,12.0
0988247686,466924160236254,121.7877,24.8263,2020/02/02 20:10:05,32.0
0988247686,466924160236254,121.7888,24.8300,2020/02/02 20:10:37,38.0
0988247686,466924160236254,121.7894,24.8348,2020/02/02 20:11:15,159.0
0988247686,466924160236254,121.7895,24.8383,2020/02/02 20:13:54,108.0
0988247686,466924160236254,121.7894,24.8422,2020/02/02 20:15:42,11.0
0988247686,466924160236254,121.7894,24.8476,2020/02/02 20:15:53,58.0
0988247686,466924160236254,121.7865,24.8543,2020/02/02 20:16:51,97.0
0988247686,466924160236254,121.7808,24.8642,2020/02/02 20:18:28,267.0
0988247686,466924160236254,121.7694,24.8777,2020/02/02 20:22:55,167.0
0988247686,466924160236254,121.7562,24.8959,2020/02/02 20:25:42,273.0
0988247686,466924160236254,121.7422,24.9135,2020/02/02 20:30:15,328.0
0988247686,466924160236254,121.7318,24.9270,2020/02/02 20:35:43,33.0
0988247686,466924160236254,121.7241,24.9338,2020/02/02 20:36:16,43.0
0988247686,466924160236254,121.7178,24.9389,2020/02/02 20:36:59,10.0
0988247686,466924160236254,121.7132,24.9420,2020/02/02 20:37:09,13.0
0988247686,466924160236254,121.7087,24.9445,2020/02/02 20:37:22,14.0
0988247686,466924160236254,121.7019,24.9504,2020/02/02 20:37:36,27.0
0988247686,466924160236254,121.6947,24.9568,2020/02/02 20:38:03,42.0
0988247686,466924160236254,121.6856,24.9662,2020/02/02 20:38:45,180.0
0988247686,466924160236254,121.6794,24.9717,2020/02/02 20:41:45,54.0
0988247686,466924160236254,121.6733,24.9768,2020/02/02 20:42:39,3.0
0988247686,466924160236254,121.6664,24.9843,2020/02/02 20:42:42,7.0
0988247686,466924160236254,121.6591,24.9928,2020/02/02 20:42:49,169.0
0988247686,466924160236254,121.6505,25.0052,2020/02/02 20:45:38,42.0
0988247686,466924160236254,121.6372,25.0076,2020/02/02 20:46:20,91.0
0988247686,466924160236254,121.6168,25.0107,2020/02/02 20:47:51,278.0
0988247686,466924160236254,121.5947,25.0089,2020/02/02 20:52:29,260.0
0988247686,466924160236254,121.5757,25.0139,2020/02/02 20:56:49,10.0
0988247686,466924160236254,121.5635,25.0172,2020/02/02 20:56:59,215.0
0988247686,466924160236254,121.5539,25.0222,2020/02/02 21:00:34,179.0
0988247686,466924160236254,121.5495,25.0254,2020/02/02 21:03:33,43.0
0988247686,466924160236254,121.5468,25.0284,2020/02/02 21:04:16,21.0
0988247686,466924160236254,121.5446,25.0324,2020/02/02 21:04:37,19.0
0988247686,466924160236254,121.5435,25.0355,2020/02/02 21:04:56,36.0
0988247686,466924160236254,121.5413,25.0385,2020/02/02 21:05:32,119.0
0988247686,466924160236254,121.5376,25.0426,2020/02/02 21:07:31,75.0
0988247686,466924160236254,121.5343,25.0446,2020/02/02 21:08:46,136.0
0988247686,466924160236254,121.5296,25.0460,2020/02/02 21:11:02,4.0
0988247686,466924160236254,121.5257,25.0468,2020/02/02 21:11:06,251.0
0988247686,466924160236254,121.5208,25.0479,2020/02/02 21:15:17,47.0
0988247686,466924160236254,121.5141,25.0475,2020/02/02 21:16:04,265.0
0988247686,466924160236254,121.5115,25.0451,2020/02/02 21:20:29,299.0
0988247686,466924160236254,121.5097,25.0422,2020/02/02 21:25:28,9.0
0988247686,466924160236254,121.5068,25.0382,2020/02/02 21:25:37,109.0
0988247686,466924160236254,121.5018,25.0353,2020/02/02 21:27:26,192.0
0988247686,466924160236254,121.4982,25.0334,2020/02/02 21:30:38,52.0
0988247686,466924160236254,121.4951,25.0315,2020/02/02 21:31:30,81.0
0988247686,466924160236254,121.4906,25.0291,2020/02/02 21:32:51,54.0
0988247686,466924160236254,121.4842,25.0269,2020/02/02 21:33:45,23.0
0988247686,466924160236254,121.4794,25.0245,2020/02/02 21:34:08,32.0
0988247686,466924160236254,121.4757,25.0217,2020/02/02 21:34:40,34.0
0988247686,466924160236254,121.4727,25.0196,2020/02/02 21:35:14,23.0
0988247686,466924160236254,121.4699,25.0175,2020/02/02 21:35:37,44.0
0988247686,466924160236254,121.4668,25.0156,2020/02/02 21:36:21,132.0
0988247686,466924160236254,121.4637,25.0120,2020/02/02 21:38:33,241.0
0988247686,466924160236254,121.4603,25.0082,2020/02/02 21:42:34,349.0
0988247686,466924160236254,121.4565,25.0048,2020/02/02 21:48:23,36170.0
0988247686,466924160236254,121.4569,25.0081,2020/02/03 07:51:13,121.0
0988247686,466924160236254,121.4592,25.0118,2020/02/03 07:53:14,37.0
0988247686,466924160236254,121.4625,25.0150,2020/02/03 07:53:51,28.0
0988247686,466924160236254,121.4818,25.0193,2020/02/03 07:54:19,21.0
0988247686,466924160236254,121.4971,25.0242,2020/02/03 07:54:40,7521.0
0988247686,466924160236254,121.5192,25.0292,2020/02/03 10:00:01,9388.0
0988247686,466924160236254,121.5264,25.0311,2020/02/03 12:36:29,4975.0
0988247686,466924160236254,121.5363,25.0314,2020/02/03 13:59:24,227.0
0988247686,466924160236254,121.5424,25.0320,2020/02/03 14:03:11,6031.0
0988247686,466924160236254,121.5458,25.0333,2020/02/03 15:43:42,16765.0
0988247686,466924160236254,121.5448,25.0368,2020/02/03 20:23:07,59.0
0988247686,466924160236254,121.5412,25.0377,2020/02/03 20:24:06,83.0
0988247686,466924160236254,121.5354,25.0380,2020/02/03 20:25:29,73.0
0988247686,466924160236254,121.5286,25.0369,2020/02/03 20:26:42,45.0
0988247686,466924160236254,121.5242,25.0353,2020/02/03 20:27:27,159.0
0988247686,466924160236254,121.5190,25.0333,2020/02/03 20:30:06,7.0
0988247686,466924160236254,121.5153,25.0320,2020/02/03 20:30:13,33.0
0988247686,466924160236254,121.5116,25.0310,2020/02/03 20:30:46,50.0
0988247686,466924160236254,121.5081,25.0302,2020/02/03 20:31:36,12.0
0988247686,466924160236254,121.5042,25.0297,2020/02/03 20:31:48,64.0
0988247686,466924160236254,121.4986,25.0287,2020/02/03 20:32:52,76.0
0988247686,466924160236254,121.4922,25.0276,2020/02/03 20:34:08,152.0
0988247686,466924160236254,121.4861,25.0265,2020/02/03 20:36:40,65.0
0988247686,466924160236254,121.4819,25.0257,2020/02/03 20:37:45,42.0
0988247686,466924160236254,121.4777,25.0235,2020/02/03 20:38:27,3.0
0988247686,466924160236254,121.4737,25.0207,2020/02/03 20:38:30,145.0
0988247686,466924160236254,121.4697,25.0177,2020/02/03 20:40:55,80.0
0988247686,466924160236254,121.4653,25.0147,2020/02/03 20:42:15,18.0
0988247686,466924160236254,121.4618,25.0113,2020/02/03 20:42:33,108.0
0988247686,466924160236254,121.4571,25.0073,2020/02/03 20:44:21,21348.0
0988247686,466924160236254,121.4557,25.0042,2020/02/04 02:40:09,18501.0
0988247686,466924160236254,121.4564,25.0075,2020/02/04 07:48:30,289.0
0988247686,466924160236254,121.4586,25.0109,2020/02/04 07:53:19,8.0
0988247686,466924160236254,121.4623,25.0161,2020/02/04 07:53:27,119.0
0988247686,466924160236254,121.4659,25.0208,2020/02/04 07:55:26,259.0
0988247686,466924160236254,121.4700,25.0264,2020/02/04 07:59:45,9.0
0988247686,466924160236254,121.4731,25.0296,2020/02/04 07:59:54,50.0
0988247686,466924160236254,121.4770,25.0322,2020/02/04 08:00:44,15.0
0988247686,466924160236254,121.4808,25.0337,2020/02/04 08:00:59,59.0
0988247686,466924160236254,121.4853,25.0351,2020/02/04 08:01:58,29.0
0988247686,466924160236254,121.4892,25.0364,2020/02/04 08:02:27,78.0
0988247686,466924160236254,121.4928,25.0380,2020/02/04 08:03:45,50.0
0988247686,466924160236254,121.4974,25.0422,2020/02/04 08:04:35,30.0
0988247686,466924160236254,121.5002,25.0453,2020/02/04 08:05:05,138.0
0988247686,466924160236254,121.5031,25.0489,2020/02/04 08:07:23,30.0
0988247686,466924160236254,121.5079,25.0517,2020/02/04 08:07:53,39.0
0988247686,466924160236254,121.5148,25.0525,2020/02/04 08:08:32,108.0
0988247686,466924160236254,121.5198,25.0527,2020/02/04 08:10:20,113.0
0988247686,466924160236254,121.5262,25.0525,2020/02/04 08:12:13,8.0
0988247686,466924160236254,121.5341,25.0524,2020/02/04 08:12:21,138.0
0988247686,466924160236254,121.5426,25.0520,2020/02/04 08:14:39,223.0
0988247686,466924160236254,121.5518,25.0517,2020/02/04 08:18:22,48.0
0988247686,466924160236254,121.5583,25.0516,2020/02/04 08:19:10,160.0
0988247686,466924160236254,121.5641,25.0516,2020/02/04 08:21:50,6.0
0988247686,466924160236254,121.5681,25.0522,2020/02/04 08:21:56,40.0
0988247686,466924160236254,121.5724,25.0547,2020/02/04 08:22:36,320.0
0988247686,466924160236254,121.5682,25.0515,2020/02/04 08:27:56,97.0
0988247686,466924160236254,121.5626,25.0479,2020/02/04 08:29:33,49.0
0988247686,466924160236254,121.5585,25.0458,2020/02/04 08:30:22,35.0
0988247686,466924160236254,121.5549,25.0438,2020/02/04 08:30:57,143.0
0988247686,466924160236254,121.5520,25.0416,2020/02/04 08:33:20,303.0
0988247686,466924160236254,121.5499,25.0381,2020/02/04 08:38:23,34.0
0988247686,466924160236254,121.5488,25.0344,2020/02/04 08:38:57,39807.0
0988247686,466924160236254,121.5460,25.0319,2020/02/04 19:42:24,199.0
0988247686,466924160236254,121.5420,25.0301,2020/02/04 19:45:43,130.0
0988247686,466924160236254,121.5380,25.0276,2020/02/04 19:47:53,80.0
0988247686,466924160236254,121.5344,25.0266,2020/02/04 19:49:13,109.0
0988247686,466924160236254,121.5281,25.0268,2020/02/04 19:51:02,183.0
0988247686,466924160236254,121.5210,25.0272,2020/02/04 19:54:05,1109.0
0988247686,466924160236254,121.5136,25.0280,2020/02/04 20:12:34,47.0
0988247686,466924160236254,121.5093,25.0286,2020/02/04 20:13:21,33.0
0988247686,466924160236254,121.5045,25.0290,2020/02/04 20:13:54,2.0
0988247686,466924160236254,121.5009,25.0289,2020/02/04 20:13:56,302.0
0988247686,466924160236254,121.4960,25.0284,2020/02/04 20:18:58,12.0
0988247686,466924160236254,121.4912,25.0278,2020/02/04 20:19:10,118.0
0988247686,466924160236254,121.4872,25.0272,2020/02/04 20:21:08,59.0
0988247686,466924160236254,121.4823,25.0263,2020/02/04 20:22:07,32.0
0988247686,466924160236254,121.4767,25.0234,2020/02/04 20:22:39,42.0
0988247686,466924160236254,121.4729,25.0206,2020/02/04 20:23:21,220.0
0988247686,466924160236254,121.4689,25.0173,2020/02/04 20:27:01,28.0
0988247686,466924160236254,121.4641,25.0124,2020/02/04 20:27:29,182.0
0988247686,466924160236254,121.4599,25.0080,2020/02/04 20:30:31,23.0
0988247686,466924160236254,121.4564,25.0057,2020/02/04 20:30:54,695.0
0988247686,466924160236254,121.4527,25.0065,2020/02/04 20:42:29,44.0
0988247686,466924160236254,121.4512,25.0111,2020/02/04 20:43:13,111.0
0988247686,466924160236254,121.4496,25.0145,2020/02/04 20:45:04,38.0
0988247686,466924160236254,121.4466,25.0184,2020/02/04 20:45:42,20.0
0988247686,466924160236254,121.4442,25.0226,2020/02/04 20:46:02,65.0
0988247686,466924160236254,121.4395,25.0261,2020/02/04 20:47:07,2311.0
0988247686,466924160236254,121.4437,25.0234,2020/02/04 21:25:38,15.0
0988247686,466924160236254,121.4465,25.0171,2020/02/04 21:25:53,4.0
0988247686,466924160236254,121.4483,25.0133,2020/02/04 21:25:57,503.0
0988247686,466924160236254,121.4514,25.0093,2020/02/04 21:34:20,1420.0
0988247686,466924160236254,121.4554,25.0062,2020/02/04 21:58:00,35672.0
0988247686,466924160236254,121.4581,25.0099,2020/02/05 07:52:32,170.0
0988247686,466924160236254,121.4607,25.0135,2020/02/05 07:55:22,41.0
0988247686,466924160236254,121.4633,25.0170,2020/02/05 07:56:03,81.0
0988247686,466924160236254,121.4660,25.0208,2020/02/05 07:57:24,36.0
0988247686,466924160236254,121.4692,25.0255,2020/02/05 07:58:00,18.0
0988247686,466924160236254,121.4731,25.0291,2020/02/05 07:58:18,55.0
0988247686,466924160236254,121.4764,25.0312,2020/02/05 07:59:13,155.0
0988247686,466924160236254,121.4799,25.0329,2020/02/05 08:01:48,21.0
0988247686,466924160236254,121.4857,25.0350,2020/02/05 08:02:09,95.0
0988247686,466924160236254,121.4914,25.0369,2020/02/05 08:03:44,49.0
0988247686,466924160236254,121.4961,25.0398,2020/02/05 08:04:33,8.0
0988247686,466924160236254,121.4988,25.0427,2020/02/05 08:04:41,149.0
0988247686,466924160236254,121.5015,25.0457,2020/02/05 08:07:10,81.0
0988247686,466924160236254,121.5046,25.0494,2020/02/05 08:08:31,62.0
0988247686,466924160236254,121.5076,25.0520,2020/02/05 08:09:33,13.0
0988247686,466924160236254,121.5119,25.0529,2020/02/05 08:09:46,263.0
0988247686,466924160236254,121.5173,25.0527,2020/02/05 08:14:09,22.0
0988247686,466924160236254,121.5218,25.0525,2020/02/05 08:14:31,8.0
0988247686,466924160236254,121.5265,25.0523,2020/02/05 08:14:39,291.0
0988247686,466924160236254,121.5315,25.0522,2020/02/05 08:19:30,62.0
0988247686,466924160236254,121.5367,25.0520,2020/02/05 08:20:32,36.0
0988247686,466924160236254,121.5428,25.0518,2020/02/05 08:21:08,43.0
0988247686,466924160236254,121.5472,25.0517,2020/02/05 08:21:51,50.0
0988247686,466924160236254,121.5525,25.0515,2020/02/05 08:22:41,105.0
0988247686,466924160236254,121.5584,25.0515,2020/02/05 08:24:26,115.0
0988247686,466924160236254,121.5632,25.0514,2020/02/05 08:26:21,77.0
0988247686,466924160236254,121.5696,25.0520,2020/02/05 08:27:38,20.0
0988247686,466924160236254,121.5728,25.0544,2020/02/05 08:27:58,460.0
0988247686,466924160236254,121.5700,25.0520,2020/02/05 08:35:38,44.0
0988247686,466924160236254,121.5662,25.0503,2020/02/05 08:36:22,195.0
0988247686,466924160236254,121.5602,25.0463,2020/02/05 08:39:37,21.0
0988247686,466924160236254,121.5567,25.0441,2020/02/05 08:39:58,11.0
0988247686,466924160236254,121.5537,25.0416,2020/02/05 08:40:09,233.0
0988247686,466924160236254,121.5501,25.0375,2020/02/05 08:44:02,138.0
0988247686,466924160236254,121.5487,25.0344,2020/02/05 08:46:20,42052.0
0988247686,466924160236254,121.5456,25.0372,2020/02/05 20:27:12,132.0
0988247686,466924160236254,121.5416,25.0379,2020/02/05 20:29:24,113.0
0988247686,466924160236254,121.5356,25.0380,2020/02/05 20:31:17,55.0
0988247686,466924160236254,121.5301,25.0379,2020/02/05 20:32:12,142.0
0988247686,466924160236254,121.5248,25.0364,2020/02/05 20:34:34,4.0
0988247686,466924160236254,121.5193,25.0346,2020/02/05 20:34:38,76.0
0988247686,466924160236254,121.5126,25.0324,2020/02/05 20:35:54,68.0
0988247686,466924160236254,121.5080,25.0312,2020/02/05 20:37:02,55.0
0988247686,466924160236254,121.5041,25.0303,2020/02/05 20:37:57,58.0
0988247686,466924160236254,121.4983,25.0288,2020/02/05 20:38:55,23.0
0988247686,466924160236254,121.4934,25.0279,2020/02/05 20:39:18,103.0
0988247686,466924160236254,121.4876,25.0274,2020/02/05 20:41:01,33.0
0988247686,466924160236254,121.4818,25.0259,2020/02/05 20:41:34,96.0
0988247686,466924160236254,121.4774,25.0230,2020/02/05 20:43:10,26.0
0988247686,466924160236254,121.4734,25.0201,2020/02/05 20:43:36,31.0
0988247686,466924160236254,121.4697,25.0178,2020/02/05 20:44:07,11.0
0988247686,466924160236254,121.4660,25.0150,2020/02/05 20:44:18,132.0
0988247686,466924160236254,121.4629,25.0121,2020/02/05 20:46:30,138.0
0988247686,466924160236254,121.4604,25.0077,2020/02/05 20:48:48,77.0
0988247686,466924160236254,121.4572,25.0058,2020/02/05 20:50:05,3039.0
0988247686,466924160236254,121.4535,25.0043,2020/02/05 21:40:44,130.0
0988247686,466924160236254,121.4493,25.0002,2020/02/05 21:42:54,207.0
0988247686,466924160236254,121.4458,24.9982,2020/02/05 21:46:21,14.0
0988247686,466924160236254,121.4425,24.9971,2020/02/05 21:46:35,18.0
0988247686,466924160236254,121.4366,24.9974,2020/02/05 21:46:53,7.0
0988247686,466924160236254,121.4333,24.9989,2020/02/05 21:47:00,115.0
0988247686,466924160236254,121.4286,25.0009,2020/02/05 21:48:55,9.0
0988247686,466924160236254,121.4244,25.0026,2020/02/05 21:49:04,308.0
0988247686,466924160236254,121.4203,25.0034,2020/02/05 21:54:12,1380.0
0988247686,466924160236254,121.4245,25.0006,2020/02/05 22:17:12,58.0
0988247686,466924160236254,121.4288,24.9990,2020/02/05 22:18:10,11.0
0988247686,466924160236254,121.4342,24.9975,2020/02/05 22:18:21,171.0
0988247686,466924160236254,121.4398,24.9965,2020/02/05 22:21:12,31.0
0988247686,466924160236254,121.4433,24.9963,2020/02/05 22:21:43,38.0
0988247686,466924160236254,121.4486,24.9983,2020/02/05 22:22:21,513.0
0988247686,466924160236254,121.4530,25.0026,2020/02/05 22:30:54,375.0
0988247686,466924160236254,121.4562,25.0047,2020/02/05 22:37:09,33282.0
0988247686,466924160236254,121.4575,25.0085,2020/02/06 07:51:51,111.0
0988247686,466924160236254,121.4597,25.0118,2020/02/06 07:53:42,118.0
0988247686,466924160236254,121.4640,25.0177,2020/02/06 07:55:40,73.0
0988247686,466924160236254,121.4667,25.0220,2020/02/06 07:56:53,69.0
0988247686,466924160236254,121.4698,25.0266,2020/02/06 07:58:02,42.0
0988247686,466924160236254,121.4724,25.0298,2020/02/06 07:58:44,105.0
0988247686,466924160236254,121.4754,25.0324,2020/02/06 08:00:29,23.0
0988247686,466924160236254,121.4786,25.0338,2020/02/06 08:00:52,58.0
0988247686,466924160236254,121.4853,25.0353,2020/02/06 08:01:50,69.0
0988247686,466924160236254,121.4909,25.0366,2020/02/06 08:02:59,37.0
0988247686,466924160236254,121.4976,25.0414,2020/02/06 08:03:36,85.0
0988247686,466924160236254,121.5016,25.0452,2020/02/06 08:05:01,166.0
0988247686,466924160236254,121.5052,25.0489,2020/02/06 08:07:47,11.0
0988247686,466924160236254,121.5098,25.0520,2020/02/06 08:07:58,129.0
0988247686,466924160236254,121.5142,25.0527,2020/02/06 08:10:07,53.0
0988247686,466924160236254,121.5198,25.0527,2020/02/06 08:11:00,75.0
0988247686,466924160236254,121.5236,25.0526,2020/02/06 08:12:15,12.0
0988247686,466924160236254,121.5273,25.0524,2020/02/06 08:12:27,152.0
0988247686,466924160236254,121.5312,25.0522,2020/02/06 08:14:59,52.0
0988247686,466924160236254,121.5400,25.0519,2020/02/06 08:15:51,92.0
0988247686,466924160236254,121.5458,25.0516,2020/02/06 08:17:23,206.0
0988247686,466924160236254,121.5524,25.0515,2020/02/06 08:20:49,11.0
0988247686,466924160236254,121.5563,25.0511,2020/02/06 08:21:00,41.0
0988247686,466924160236254,121.5607,25.0507,2020/02/06 08:21:41,25.0
0988247686,466924160236254,121.5651,25.0513,2020/02/06 08:22:06,78.0
0988247686,466924160236254,121.5705,25.0529,2020/02/06 08:23:24,197.0
0988247686,466924160236254,121.5740,25.0554,2020/02/06 08:26:41,298.0
0988247686,466924160236254,121.5700,25.0527,2020/02/06 08:31:39,33.0
0988247686,466924160236254,121.5636,25.0500,2020/02/06 08:32:12,569.0
0988247686,466924160236254,121.5584,25.0462,2020/02/06 08:41:41,45.0
0988247686,466924160236254,121.5555,25.0428,2020/02/06 08:42:26,195.0
0988247686,466924160236254,121.5520,25.0391,2020/02/06 08:45:41,100.0
0988247686,466924160236254,121.5504,25.0362,2020/02/06 08:47:21,1556.0
0988247686,466924160236254,121.5478,25.0334,2020/02/06 09:13:17,10780.0
0988247686,466924160236254,121.5442,25.0328,2020/02/06 12:12:57,45247.0
0988247686,466924160236254,121.5479,25.0307,2020/02/07 00:47:04,168.0
0988247686,466924160236254,121.5478,25.0268,2020/02/07 00:49:52,36.0
0988247686,466924160236254,121.5447,25.0253,2020/02/07 00:50:28,30.0
0988247686,466924160236254,121.5408,25.0246,2020/02/07 00:50:58,46.0
0988247686,466924160236254,121.5360,25.0251,2020/02/07 00:51:44,102.0
0988247686,466924160236254,121.5310,25.0260,2020/02/07 00:53:26,63.0
0988247686,466924160236254,121.5270,25.0265,2020/02/07 00:54:29,8.0
0988247686,466924160236254,121.5208,25.0268,2020/02/07 00:54:37,44.0
0988247686,466924160236254,121.5173,25.0271,2020/02/07 00:55:21,113.0
0988247686,466924160236254,121.5119,25.0282,2020/02/07 00:57:14,128.0
0988247686,466924160236254,121.5055,25.0289,2020/02/07 00:59:22,67.0
0988247686,466924160236254,121.5011,25.0290,2020/02/07 01:00:29,13.0
0988247686,466924160236254,121.4965,25.0278,2020/02/07 01:00:42,95.0
0988247686,466924160236254,121.4912,25.0249,2020/02/07 01:02:17,18.0
0988247686,466924160236254,121.4878,25.0233,2020/02/07 01:02:35,37.0
0988247686,466924160236254,121.4830,25.0210,2020/02/07 01:03:12,69.0
0988247686,466924160236254,121.4794,25.0189,2020/02/07 01:04:21,32.0
0988247686,466924160236254,121.4760,25.0170,2020/02/07 01:04:53,88.0
0988247686,466924160236254,121.4717,25.0144,2020/02/07 01:06:21,39.0
0988247686,466924160236254,121.4691,25.0122,2020/02/07 01:07:00,49.0
0988247686,466924160236254,121.4648,25.0113,2020/02/07 01:07:49,122.0
0988247686,466924160236254,121.4610,25.0095,2020/02/07 01:09:51,55.0
0988247686,466924160236254,121.4576,25.0069,2020/02/07 01:10:46,23996.0
0988247686,466924160236254,121.4603,25.0123,2020/02/07 07:50:42,19.0
0988247686,466924160236254,121.4627,25.0155,2020/02/07 07:51:01,233.0
0988247686,466924160236254,121.4654,25.0192,2020/02/07 07:54:54,84.0
0988247686,466924160236254,121.4683,25.0238,2020/02/07 07:56:18,34.0
0988247686,466924160236254,121.4736,25.0285,2020/02/07 07:56:52,20.0
0988247686,466924160236254,121.4782,25.0310,2020/02/07 07:57:12,128.0
0988247686,466924160236254,121.4836,25.0333,2020/02/07 07:59:20,9.0
0988247686,466924160236254,121.4868,25.0347,2020/02/07 07:59:29,86.0
0988247686,466924160236254,121.4926,25.0374,2020/02/07 08:00:55,133.0
0988247686,466924160236254,121.4971,25.0404,2020/02/07 08:03:08,29.0
0988247686,466924160236254,121.5004,25.0436,2020/02/07 08:03:37,114.0
0988247686,466924160236254,121.5032,25.0469,2020/02/07 08:05:31,5.0
0988247686,466924160236254,121.5065,25.0486,2020/02/07 08:05:36,3.0
0988247686,466924160236254,121.5115,25.0496,2020/02/07 08:05:39,306.0
0988247686,466924160236254,121.5176,25.0506,2020/02/07 08:10:45,69.0
0988247686,466924160236254,121.5224,25.0512,2020/02/07 08:11:54,135.0
0988247686,466924160236254,121.5297,25.0518,2020/02/07 08:14:09,2.0
0988247686,466924160236254,121.5334,25.0518,2020/02/07 08:14:11,60.0
0988247686,466924160236254,121.5398,25.0518,2020/02/07 08:15:11,28.0
0988247686,466924160236254,121.5456,25.0516,2020/02/07 08:15:39,168.0
0988247686,466924160236254,121.5515,25.0514,2020/02/07 08:18:27,136.0
0988247686,466924160236254,121.5556,25.0513,2020/02/07 08:20:43,5.0
0988247686,466924160236254,121.5598,25.0513,2020/02/07 08:20:48,179.0
0988247686,466924160236254,121.5638,25.0512,2020/02/07 08:23:47,13.0
0988247686,466924160236254,121.5675,25.0519,2020/02/07 08:24:00,59.0
0988247686,466924160236254,121.5725,25.0547,2020/02/07 08:24:59,331.0
0988247686,466924160236254,121.5701,25.0516,2020/02/07 08:30:30,118.0
0988247686,466924160236254,121.5653,25.0496,2020/02/07 08:32:28,372.0
0988247686,466924160236254,121.5586,25.0461,2020/02/07 08:38:40,24.0
0988247686,466924160236254,121.5549,25.0449,2020/02/07 08:39:04,90.0
0988247686,466924160236254,121.5520,25.0420,2020/02/07 08:40:34,11.0
0988247686,466924160236254,121.5503,25.0391,2020/02/07 08:40:45,239.0
0988247686,466924160236254,121.5489,25.0362,2020/02/07 08:44:44,34159.0
0988247686,466924160236254,121.5459,25.0336,2020/02/07 18:14:03,435.0
0988247686,466924160236254,121.5438,25.0363,2020/02/07 18:21:18,50.0
0988247686,466924160236254,121.5437,25.0409,2020/02/07 18:22:08,92.0
0988247686,466924160236254,121.5438,25.0462,2020/02/07 18:23:40,23.0
0988247686,466924160236254,121.5438,25.0499,2020/02/07 18:24:03,12319.0
0988247686,466924160236254,121.5356,25.0514,2020/02/07 21:49:22,522.0
0988247686,466924160236254,121.5277,25.0513,2020/02/07 21:58:04,85.0
0988247686,466924160236254,121.5202,25.0495,2020/02/07 21:59:29,137.0
0988247686,466924160236254,121.5131,25.0457,2020/02/07 22:01:46,225.0
0988247686,466924160236254,121.5026,25.0405,2020/02/07 22:05:31,109.0
0988247686,466924160236254,121.4910,25.0350,2020/02/07 22:07:20,204.0
0988247686,466924160236254,121.4802,25.0302,2020/02/07 22:10:44,135.0
0988247686,466924160236254,121.4745,25.0263,2020/02/07 22:12:59,106.0
0988247686,466924160236254,121.4705,25.0234,2020/02/07 22:14:45,9.0
0988247686,466924160236254,121.4677,25.0206,2020/02/07 22:14:54,6.0
0988247686,466924160236254,121.4649,25.0170,2020/02/07 22:15:00,16.0
0988247686,466924160236254,121.4627,25.0135,2020/02/07 22:15:16,123.0
0988247686,466924160236254,121.4608,25.0105,2020/02/07 22:17:19,184.0
0988247686,466924160236254,121.4584,25.0078,2020/02/07 22:20:23,424.0
0988247686,466924160236254,121.4559,25.0053,2020/02/07 22:27:27,41889.0
0988247686,466924160236254,121.4588,25.0087,2020/02/08 10:05:36,649.0
0988247686,466924160236254,121.4625,25.0149,2020/02/08 10:16:25,165.0
0988247686,466924160236254,121.4653,25.0192,2020/02/08 10:19:10,16.0
0988247686,466924160236254,121.4734,25.0246,2020/02/08 10:19:26,91.0
0988247686,466924160236254,121.4837,25.0302,2020/02/08 10:20:57,146.0
0988247686,466924160236254,121.4950,25.0336,2020/02/08 10:23:23,212.0
0988247686,466924160236254,121.5030,25.0350,2020/02/08 10:26:55,317.0
0988247686,466924160236254,121.5110,25.0343,2020/02/08 10:32:12,125.0
0988247686,466924160236254,121.5205,25.0340,2020/02/08 10:34:17,294.0
0988247686,466924160236254,121.5292,25.0338,2020/02/08 10:39:11,190.0
0988247686,466924160236254,121.5362,25.0336,2020/02/08 10:42:21,298.0
0988247686,466924160236254,121.5403,25.0335,2020/02/08 10:47:19,271.0
0988247686,466924160236254,121.5437,25.0319,2020/02/08 10:51:50,2952.0
0988247686,466924160236254,121.5400,25.0286,2020/02/08 11:41:02,98.0
0988247686,466924160236254,121.5364,25.0263,2020/02/08 11:42:40,35.0
0988247686,466924160236254,121.5307,25.0264,2020/02/08 11:43:15,123.0
0988247686,466924160236254,121.5249,25.0267,2020/02/08 11:45:18,7.0
0988247686,466924160236254,121.5196,25.0270,2020/02/08 11:45:25,69.0
0988247686,466924160236254,121.5136,25.0286,2020/02/08 11:46:34,33.0
0988247686,466924160236254,121.5075,25.0300,2020/02/08 11:47:07,52.0
0988247686,466924160236254,121.5018,25.0298,2020/02/08 11:47:59,266.0
0988247686,466924160236254,121.4960,25.0290,2020/02/08 11:52:25,23.0
0988247686,466924160236254,121.4907,25.0282,2020/02/08 11:52:48,5.0
0988247686,466924160236254,121.4843,25.0269,2020/02/08 11:52:53,97.0
0988247686,466924160236254,121.4789,25.0241,2020/02/08 11:54:30,63.0
0988247686,466924160236254,121.4749,25.0210,2020/02/08 11:55:33,57.0
0988247686,466924160236254,121.4706,25.0185,2020/02/08 11:56:30,141.0
0988247686,466924160236254,121.4659,25.0165,2020/02/08 11:58:51,69.0
0988247686,466924160236254,121.4628,25.0141,2020/02/08 12:00:00,663.0
0988247686,466924160236254,121.4593,25.0101,2020/02/08 12:11:03,6260.0
0988247686,466924160236254,121.4632,25.0154,2020/02/08 13:55:23,4.0
0988247686,466924160236254,121.4662,25.0172,2020/02/08 13:55:27,8.0
0988247686,466924160236254,121.4691,25.0193,2020/02/08 13:55:35,206.0
0988247686,466924160236254,121.4722,25.0211,2020/02/08 13:59:01,22.0
0988247686,466924160236254,121.4769,25.0241,2020/02/08 13:59:23,126.0
0988247686,466924160236254,121.4820,25.0262,2020/02/08 14:01:29,118.0
0988247686,466924160236254,121.4866,25.0279,2020/02/08 14:03:27,106.0
0988247686,466924160236254,121.4923,25.0297,2020/02/08 14:05:13,11.0
0988247686,466924160236254,121.4958,25.0310,2020/02/08 14:05:24,209.0
0988247686,466924160236254,121.5000,25.0330,2020/02/08 14:08:53,33.0
0988247686,466924160236254,121.5052,25.0350,2020/02/08 14:09:26,37.0
0988247686,466924160236254,121.5109,25.0352,2020/02/08 14:10:03,82.0
0988247686,466924160236254,121.5177,25.0343,2020/02/08 14:11:25,11.0
0988247686,466924160236254,121.5221,25.0339,2020/02/08 14:11:36,154.0
0988247686,466924160236254,121.5269,25.0337,2020/02/08 14:14:10,122.0
0988247686,466924160236254,121.5328,25.0335,2020/02/08 14:16:12,11.0
0988247686,466924160236254,121.5382,25.0330,2020/02/08 14:16:23,336.0
0988247686,466924160236254,121.5431,25.0331,2020/02/08 14:21:59,1274.0
0988247686,466924160236254,121.5471,25.0330,2020/02/08 14:43:13,17150.0
0988247686,466924160236254,121.5483,25.0288,2020/02/08 19:29:03,20.0
0988247686,466924160236254,121.5436,25.0268,2020/02/08 19:29:23,108.0
0988247686,466924160236254,121.5382,25.0265,2020/02/08 19:31:11,39.0
0988247686,466924160236254,121.5340,25.0265,2020/02/08 19:31:50,132.0
0988247686,466924160236254,121.5268,25.0275,2020/02/08 19:34:02,13.0
0988247686,466924160236254,121.5207,25.0284,2020/02/08 19:34:15,173.0
0988247686,466924160236254,121.5142,25.0295,2020/02/08 19:37:08,43.0
0988247686,466924160236254,121.5106,25.0295,2020/02/08 19:37:51,38.0
0988247686,466924160236254,121.5042,25.0293,2020/02/08 19:38:29,54.0
0988247686,466924160236254,121.5004,25.0293,2020/02/08 19:39:23,12.0
0988247686,466924160236254,121.4966,25.0290,2020/02/08 19:39:35,134.0
0988247686,466924160236254,121.4928,25.0286,2020/02/08 19:41:49,5.0
0988247686,466924160236254,121.4875,25.0265,2020/02/08 19:41:54,37.0
0988247686,466924160236254,121.4822,25.0240,2020/02/08 19:42:31,248.0
0988247686,466924160236254,121.4748,25.0196,2020/02/08 19:46:39,4.0
0988247686,466924160236254,121.4690,25.0158,2020/02/08 19:46:43,121.0
0988247686,466924160236254,121.4634,25.0117,2020/02/08 19:48:44,41.0
0988247686,466924160236254,121.4609,25.0090,2020/02/08 19:49:25,153.0
0988247686,466924160236254,121.4579,25.0057,2020/02/08 19:51:58,54311.0
0988247686,466924160236254,121.4607,25.0088,2020/02/09 10:57:09,13.0
0988247686,466924160236254,121.4641,25.0109,2020/02/09 10:57:22,75.0
0988247686,466924160236254,121.4675,25.0128,2020/02/09 10:58:37,35.0
0988247686,466924160236254,121.4717,25.0151,2020/02/09 10:59:12,78.0
0988247686,466924160236254,121.4775,25.0181,2020/02/09 11:00:30,52.0
0988247686,466924160236254,121.4827,25.0203,2020/02/09 11:01:22,25.0
0988247686,466924160236254,121.4862,25.0221,2020/02/09 11:01:47,15.0
0988247686,466924160236254,121.4894,25.0241,2020/02/09 11:02:02,113.0
0988247686,466924160236254,121.4942,25.0252,2020/02/09 11:03:55,90.0
0988247686,466924160236254,121.4973,25.0233,2020/02/09 11:05:25,1634.0
0988247686,466924160236254,121.4938,25.0246,2020/02/09 11:32:39,30.0
0988247686,466924160236254,121.4904,25.0235,2020/02/09 11:33:09,81.0
0988247686,466924160236254,121.4858,25.0213,2020/02/09 11:34:30,12.0
0988247686,466924160236254,121.4821,25.0198,2020/02/09 11:34:42,111.0
0988247686,466924160236254,121.4780,25.0177,2020/02/09 11:36:33,13.0
0988247686,466924160236254,121.4745,25.0160,2020/02/09 11:36:46,41.0
0988247686,466924160236254,121.4706,25.0142,2020/02/09 11:37:27,206.0
0988247686,466924160236254,121.4647,25.0108,2020/02/09 11:40:53,178.0
0988247686,466924160236254,121.4595,25.0068,2020/02/09 11:43:51,16256.0
0988247686,466924160236254,121.4567,25.0042,2020/02/09 16:14:47,2316.0
0988247686,466924160236254,121.4532,25.0027,2020/02/09 16:53:23,23.0
0988247686,466924160236254,121.4509,24.9994,2020/02/09 16:53:46,34.0
0988247686,466924160236254,121.4488,24.9966,2020/02/09 16:54:20,20.0
0988247686,466924160236254,121.4454,24.9947,2020/02/09 16:54:40,66.0
0988247686,466924160236254,121.4417,24.9949,2020/02/09 16:55:46,46.0
0988247686,466924160236254,121.4383,24.9934,2020/02/09 16:56:32,31.0
0988247686,466924160236254,121.4403,24.9891,2020/02/09 16:57:03,62.0
0988247686,466924160236254,121.4399,24.9842,2020/02/09 16:58:05,17.0
0988247686,466924160236254,121.4379,24.9804,2020/02/09 16:58:22,70.0
0988247686,466924160236254,121.4354,24.9772,2020/02/09 16:59:32,37.0
0988247686,466924160236254,121.4327,24.9740,2020/02/09 17:00:09,128.0
0988247686,466924160236254,121.4290,24.9709,2020/02/09 17:02:17,44.0
0988247686,466924160236254,121.4250,24.9683,2020/02/09 17:03:01,17.0
0988247686,466924160236254,121.4212,24.9666,2020/02/09 17:03:18,30.0
0988247686,466924160236254,121.4175,24.9652,2020/02/09 17:03:48,20.0
0988247686,466924160236254,121.4144,24.9636,2020/02/09 17:04:08,42.0
0988247686,466924160236254,121.4109,24.9609,2020/02/09 17:04:50,30.0
0988247686,466924160236254,121.4074,24.9621,2020/02/09 17:05:20,42.0
0988247686,466924160236254,121.4054,24.9652,2020/02/09 17:06:02,132.0
0988247686,466924160236254,121.4033,24.9688,2020/02/09 17:08:14,57.0
0988247686,466924160236254,121.3993,24.9688,2020/02/09 17:09:11,23.0
0988247686,466924160236254,121.3949,24.9685,2020/02/09 17:09:34,15.0
0988247686,466924160236254,121.3913,24.9683,2020/02/09 17:09:49,49.0
0988247686,466924160236254,121.3869,24.9682,2020/02/09 17:10:38,39.0
0988247686,466924160236254,121.3819,24.9652,2020/02/09 17:11:17,68.0
0988247686,466924160236254,121.3779,24.9626,2020/02/09 17:12:25,16.0
0988247686,466924160236254,121.3746,24.9606,2020/02/09 17:12:41,20.0
0988247686,466924160236254,121.3713,24.9589,2020/02/09 17:13:01,26.0
0988247686,466924160236254,121.3669,24.9575,2020/02/09 17:13:27,27.0
0988247686,466924160236254,121.3626,24.9563,2020/02/09 17:13:54,32.0
0988247686,466924160236254,121.3580,24.9563,2020/02/09 17:14:26,93.0
0988247686,466924160236254,121.3543,24.9552,2020/02/09 17:15:59,3954.0
0988247686,466924160236254,121.3614,24.9573,2020/02/09 18:21:53,195.0
0988247686,466924160236254,121.3708,24.9604,2020/02/09 18:25:08,9.0
0988247686,466924160236254,121.3784,24.9640,2020/02/09 18:25:17,228.0
0988247686,466924160236254,121.3860,24.9679,2020/02/09 18:29:05,55.0
0988247686,466924160236254,121.3896,24.9699,2020/02/09 18:30:00,21.0
0988247686,466924160236254,121.3929,24.9714,2020/02/09 18:30:21,42.0
0988247686,466924160236254,121.3974,24.9735,2020/02/09 18:31:03,22.0
0988247686,466924160236254,121.4017,24.9759,2020/02/09 18:31:25,79.0
0988247686,466924160236254,121.4060,24.9785,2020/02/09 18:32:44,45.0
0988247686,466924160236254,121.4105,24.9811,2020/02/09 18:33:29,50.0
0988247686,466924160236254,121.4141,24.9836,2020/02/09 18:34:19,77.0
0988247686,466924160236254,121.4175,24.9862,2020/02/09 18:35:36,96.0
0988247686,466924160236254,121.4196,24.9833,2020/02/09 18:37:12,209.0
0988247686,466924160236254,121.4237,24.9838,2020/02/09 18:40:41,39.0
0988247686,466924160236254,121.4273,24.9860,2020/02/09 18:41:20,74.0
0988247686,466924160236254,121.4300,24.9892,2020/02/09 18:42:34,47.0
0988247686,466924160236254,121.4318,24.9933,2020/02/09 18:43:21,39.0
0988247686,466924160236254,121.4367,24.9946,2020/02/09 18:44:00,78.0
0988247686,466924160236254,121.4410,24.9935,2020/02/09 18:45:18,37.0
0988247686,466924160236254,121.4447,24.9947,2020/02/09 18:45:55,42.0
0988247686,466924160236254,121.4489,24.9974,2020/02/09 18:46:37,47.0
0988247686,466924160236254,121.4511,25.0005,2020/02/09 18:47:24,383.0
0988247686,466924160236254,121.4534,25.0031,2020/02/09 18:53:47,122.0
0988247686,466924160236254,121.4566,25.0046,2020/02/09 18:55:49,46368.0
0988247686,466924160236254,121.4593,25.0086,2020/02/10 07:48:37,399.0
0988247686,466924160236254,121.4616,25.0121,2020/02/10 07:55:16,7.0
0988247686,466924160236254,121.4633,25.0157,2020/02/10 07:55:23,46.0
0988247686,466924160236254,121.4653,25.0190,2020/02/10 07:56:09,54.0
0988247686,466924160236254,121.4682,25.0236,2020/02/10 07:57:03,26.0
0988247686,466924160236254,121.4710,25.0270,2020/02/10 07:57:29,15.0
0988247686,466924160236254,121.4750,25.0301,2020/02/10 07:57:44,170.0
0988247686,466924160236254,121.4798,25.0328,2020/02/10 08:00:34,62.0
0988247686,466924160236254,121.4845,25.0343,2020/02/10 08:01:36,39.0
0988247686,466924160236254,121.4887,25.0361,2020/02/10 08:02:15,77.0
0988247686,466924160236254,121.4929,25.0383,2020/02/10 08:03:32,41.0
0988247686,466924160236254,121.4964,25.0405,2020/02/10 08:04:13,72.0
0988247686,466924160236254,121.4992,25.0428,2020/02/10 08:05:25,18.0
0988247686,466924160236254,121.5027,25.0462,2020/02/10 08:05:43,37.0
0988247686,466924160236254,121.5078,25.0494,2020/02/10 08:06:20,103.0
0988247686,466924160236254,121.5122,25.0508,2020/02/10 08:08:03,174.0
0988247686,466924160236254,121.5166,25.0514,2020/02/10 08:10:57,114.0
0988247686,466924160236254,121.5216,25.0517,2020/02/10 08:12:51,51.0
0988247686,466924160236254,121.5264,25.0518,2020/02/10 08:13:42,94.0
0988247686,466924160236254,121.5319,25.0518,2020/02/10 08:15:16,32.0
0988247686,466924160236254,121.5383,25.0517,2020/02/10 08:15:48,95.0
0988247686,466924160236254,121.5449,25.0515,2020/02/10 08:17:23,189.0
0988247686,466924160236254,121.5511,25.0514,2020/02/10 08:20:32,15.0
0988247686,466924160236254,121.5556,25.0512,2020/02/10 08:20:47,4.0
0988247686,466924160236254,121.5599,25.0513,2020/02/10 08:20:51,152.0
0988247686,466924160236254,121.5649,25.0520,2020/02/10 08:23:23,5.0
0988247686,466924160236254,121.5685,25.0532,2020/02/10 08:23:28,237.0
0988247686,466924160236254,121.5725,25.0569,2020/02/10 08:27:25,77.0
0988247686,466924160236254,121.5761,25.0564,2020/02/10 08:28:42,62.0
0988247686,466924160236254,121.5715,25.0535,2020/02/10 08:29:44,76.0
0988247686,466924160236254,121.5672,25.0509,2020/02/10 08:31:00,211.0
0988247686,466924160236254,121.5646,25.0481,2020/02/10 08:34:31,138.0
0988247686,466924160236254,121.5598,25.0446,2020/02/10 08:36:49,22.0
0988247686,466924160236254,121.5558,25.0416,2020/02/10 08:37:11,132.0
0988247686,466924160236254,121.5520,25.0380,2020/02/10 08:39:23,4402.0
0988247686,466924160236254,121.5485,25.0344,2020/02/10 09:52:45,30174.0
0988247686,466924160236254,121.5439,25.0353,2020/02/10 18:15:39,157.0
0988247686,466924160236254,121.5373,25.0371,2020/02/10 18:18:16,45.0
0988247686,466924160236254,121.5335,25.0376,2020/02/10 18:19:01,75.0
0988247686,466924160236254,121.5296,25.0378,2020/02/10 18:20:16,47.0
0988247686,466924160236254,121.5255,25.0379,2020/02/10 18:21:03,19.0
0988247686,466924160236254,121.5217,25.0371,2020/02/10 18:21:22,73.0
0988247686,466924160236254,121.5184,25.0345,2020/02/10 18:22:35,53.0
0988247686,466924160236254,121.5125,25.0323,2020/02/10 18:23:28,116.0
0988247686,466924160236254,121.5055,25.0305,2020/02/10 18:25:24,72.0
0988247686,466924160236254,121.5012,25.0298,2020/02/10 18:26:36,197.0
0988247686,466924160236254,121.4960,25.0289,2020/02/10 18:29:53,49.0
0988247686,466924160236254,121.4913,25.0280,2020/02/10 18:30:42,36.0
0988247686,466924160236254,121.4841,25.0248,2020/02/10 18:31:18,36.0
0988247686,466924160236254,121.4769,25.0211,2020/02/10 18:31:54,389.0
0988247686,466924160236254,121.4699,25.0173,2020/02/10 18:38:23,41.0
0988247686,466924160236254,121.4657,25.0166,2020/02/10 18:39:04,109.0
0988247686,466924160236254,121.4621,25.0166,2020/02/10 18:40:53,359.0
0988247686,466924160236254,121.4598,25.0191,2020/02/10 18:46:52,11.0
0988247686,466924160236254,121.4596,25.0223,2020/02/10 18:47:03,281.0
0988247686,466924160236254,121.4601,25.0258,2020/02/10 18:51:44,977.0
0988247686,466924160236254,121.4597,25.0212,2020/02/10 19:08:01,161.0
0988247686,466924160236254,121.4566,25.0177,2020/02/10 19:10:42,170.0
0988247686,466924160236254,121.4533,25.0133,2020/02/10 19:13:32,80.0
0988247686,466924160236254,121.4533,25.0084,2020/02/10 19:14:52,272.0
0988247686,466924160236254,121.4558,25.0058,2020/02/10 19:19:24,45338.0
0988247686,466924160236254,121.4586,25.0104,2020/02/11 07:55:02,87.0
0988247686,466924160236254,121.4612,25.0138,2020/02/11 07:56:29,208.0
0988247686,466924160236254,121.4637,25.0170,2020/02/11 07:59:57,16.0
0988247686,466924160236254,121.4663,25.0202,2020/02/11 08:00:13,23.0
0988247686,466924160236254,121.4718,25.0241,2020/02/11 08:00:36,106.0
0988247686,466924160236254,121.4786,25.0283,2020/02/11 08:02:22,177.0
0988247686,466924160236254,121.4849,25.0316,2020/02/11 08:05:19,74.0
0988247686,466924160236254,121.4887,25.0341,2020/02/11 08:06:33,15.0
0988247686,466924160236254,121.4918,25.0361,2020/02/11 08:06:48,18.0
0988247686,466924160236254,121.4961,25.0392,2020/02/11 08:07:06,10.0
0988247686,466924160236254,121.5014,25.0432,2020/02/11 08:07:16,211.0
0988247686,466924160236254,121.5067,25.0476,2020/02/11 08:10:47,340.0
0988247686,466924160236254,121.5107,25.0502,2020/02/11 08:16:27,52.0
0988247686,466924160236254,121.5170,25.0520,2020/02/11 08:17:19,11.0
0988247686,466924160236254,121.5207,25.0520,2020/02/11 08:17:30,41.0
0988247686,466924160236254,121.5246,25.0520,2020/02/11 08:18:11,82.0
0988247686,466924160236254,121.5282,25.0519,2020/02/11 08:19:33,91.0
0988247686,466924160236254,121.5350,25.0519,2020/02/11 08:21:04,92.0
0988247686,466924160236254,121.5410,25.0514,2020/02/11 08:22:36,103.0
0988247686,466924160236254,121.5469,25.0515,2020/02/11 08:24:19,147.0
0988247686,466924160236254,121.5524,25.0515,2020/02/11 08:26:46,6.0
0988247686,466924160236254,121.5571,25.0512,2020/02/11 08:26:52,2.0
0988247686,466924160236254,121.5626,25.0519,2020/02/11 08:26:54,120.0
0988247686,466924160236254,121.5680,25.0533,2020/02/11 08:28:54,200.0
0988247686,466924160236254,121.5717,25.0547,2020/02/11 08:32:14,262.0
0988247686,466924160236254,121.5678,25.0521,2020/02/11 08:36:36,40.0
0988247686,466924160236254,121.5640,25.0506,2020/02/11 08:37:16,55.0
0988247686,466924160236254,121.5603,25.0495,2020/02/11 08:38:11,421.0
0988247686,466924160236254,121.5578,25.0467,2020/02/11 08:45:12,43.0
0988247686,466924160236254,121.5547,25.0446,2020/02/11 08:45:55,211.0
0988247686,466924160236254,121.5508,25.0406,2020/02/11 08:49:26,65.0
0988247686,466924160236254,121.5493,25.0376,2020/02/11 08:50:31,96.0
